Kabupaten,Tahun,Bulan,tanggal,NDVI_mean,EVI_mean,SAVI_mean
Bojonegoro,2019,3,2019-03-01,0.6016152069131326,0.3755475090577019,0.3581941189758788
Bojonegoro,2019,4,2019-04-01,0.4348636010212295,0.2772938795996788,0.2443452937922033
Bojonegoro,2019,5,2019-05-01,0.584317809243742,0.3439221034539536,0.322369734714853
Bojonegoro,2019,6,2019-06-01,0.4694888690527704,0.2896293242029033,0.2775729621683719
Bojonegoro,2019,7,2019-07-01,0.4090940717821784,0.2518911192068734,0.2434441718682782
Bojonegoro,2019,8,2019-08-01,0.3858923933100152,0.2578431580118318,0.243124504827738
Bojonegoro,2019,9,2019-09-01,0.3806439096797464,0.2706442552703135,0.2523642552088372
Bojonegoro,2019,10,2019-10-01,0.2559248710444992,0.1756536399886785,0.1661799929352146
Bojonegoro,2019,11,2019-11-01,0.2849058538667788,0.1730369511205853,0.1655420661899435
Bojonegoro,2019,12,2019-12-01,0.3898701894805796,0.2631972306733635,0.2301941603401155
Bojonegoro,2020,1,2020-01-01,0.4722188318855233,0.2994042253080562,0.2676867503546016
Bojonegoro,2020,2,2020-02-01,0.6763106959964418,0.4439014052243359,0.3999314387884471
Bojonegoro,2020,3,2020-03-01,0.6323351298265822,0.4190048030575388,0.3821904961293109
Bojonegoro,2020,4,2020-04-01,0.4480204596107539,0.2733452562985971,0.2527155290827042
Bojonegoro,2020,5,2020-05-01,0.5559495843727826,0.3413826037505248,0.3123197810452306
Bojonegoro,2020,6,2020-06-01,0.5552233474117053,0.353511322628577,0.3245155565934878
Bojonegoro,2020,7,2020-07-01,0.4806576925702678,0.2952398329891061,0.2802531942528873
Bojonegoro,2020,8,2020-08-01,0.4945568123318894,0.334976673558113,0.3102221314849581
Bojonegoro,2020,9,2020-09-01,0.5068401366127948,0.363739105651404,0.3301392885199362
Bojonegoro,2020,10,2020-10-01,0.4199360998089149,0.2846453702212397,0.2585034944120402
Bojonegoro,2020,11,2020-11-01,0.4027298469311399,0.2675141556886504,0.2392049439842295
Bojonegoro,2020,12,2020-12-01,0.4874953019925674,0.3126043936881224,0.2788847214141369
Bojonegoro,2021,1,2021-01-01,0.6032722139534261,0.4113605920380864,0.3606920113647182
Bojonegoro,2021,2,2021-02-01,0.5872670780717397,0.3990094513794832,0.3540496602313571
Bojonegoro,2021,3,2021-03-01,0.4271655316695109,0.2434474558566647,0.2348397917970579
Bojonegoro,2021,4,2021-04-01,0.5257658474027539,0.3065477576633357,0.2882746790595569
Bojonegoro,2021,5,2021-05-01,0.550916676492065,0.3644470196185318,0.3131818591805593
Bojonegoro,2021,6,2021-06-01,0.5193085896452588,0.3190978857049054,0.2956140943629153
Bojonegoro,2021,7,2021-07-01,0.47341807945879,0.2986479804875309,0.2845446031295074
Bojonegoro,2021,8,2021-08-01,0.5366396993647774,0.36084266521554,0.3328618642393391
Bojonegoro,2021,9,2021-09-01,0.4981806681535714,0.3322490437283551,0.3064028613822483
Bojonegoro,2021,10,2021-10-01,0.4549309215879452,0.3039538583006251,0.280167777305303
Bojonegoro,2021,11,2021-11-01,0.3838899215752326,0.2305499549264857,0.211319535159753
Bojonegoro,2021,12,2021-12-01,0.5173612438560938,0.289224637591416,0.2774923369758783
Bojonegoro,2022,1,2022-01-01,0.7001456393989127,0.4741600079418447,0.4268028432898434
Bojonegoro,2022,2,2022-02-01,0.6874621025337591,0.4708270206793688,0.4253740247114099
Bojonegoro,2022,3,2022-03-01,0.4426282750386513,0.2548680607448896,0.2441830349166935
Bojonegoro,2022,4,2022-04-01,0.4583689043136347,0.2525798453352996,0.2441639281848258
Bojonegoro,2022,5,2022-05-01,0.6608144796348543,0.4122609429359677,0.3845682187271361
Bojonegoro,2022,6,2022-06-01,0.5878152794090786,0.339401347803016,0.3255641171093522
Bojonegoro,2022,7,2022-07-01,0.4875651970105544,0.3015626233397473,0.2816868478890599
Bojonegoro,2022,8,2022-08-01,0.5475913269761834,0.3715176882297062,0.3376786627815648
Bojonegoro,2022,9,2022-09-01,0.585384431881033,0.3893224583368792,0.3558049984876616
Bojonegoro,2022,10,2022-10-01,0.5081786671132219,0.301957824988057,0.2965572187834903
Bojonegoro,2022,11,2022-11-01,0.3552582810054149,0.2176083702920129,0.1978062302188111
Bojonegoro,2022,12,2022-12-01,0.5284027306610879,0.2880876111191838,0.2841711206418468
Bojonegoro,2023,1,2023-01-01,0.71309751730435,0.4739313885012017,0.4237178218800543
Bojonegoro,2023,2,2023-02-01,0.5057777393534819,0.3440109165478489,0.3031261110494067
Bojonegoro,2023,3,2023-03-01,0.3677332006859916,0.2233458867253591,0.2081717800862657
Bojonegoro,2023,4,2023-04-01,0.5497215955599453,0.3342240483181303,0.3057421856991746
Bojonegoro,2023,5,2023-05-01,0.6190774785278631,0.382175459575085,0.3598310877560824
Bojonegoro,2023,6,2023-06-01,0.4333911617977937,0.2609873427691689,0.2518526513102893
Bojonegoro,2023,7,2023-07-01,0.4782103600156447,0.3084449420569036,0.2889386313654773
Bojonegoro,2023,8,2023-08-01,0.4787682150256965,0.324194063165066,0.3047606705376998
Bojonegoro,2023,9,2023-09-01,0.3736578891524343,0.2431840708544469,0.2366217433939733
Bojonegoro,2023,10,2023-10-01,0.2985035245406245,0.1825000733092063,0.1886205069800504
Bojonegoro,2023,11,2023-11-01,0.325294072102713,0.1893723915072757,0.1856975701174802
Bojonegoro,2023,12,2023-12-01,0.4628611991930418,0.2850665684240033,0.2689010056699959
Bojonegoro,2024,1,2024-01-01,0.5707550097235948,0.3444354307762449,0.3249555429335712
Bojonegoro,2024,2,2024-02-01,0.6476136984330855,0.4140523540805046,0.3798222159962963
Bojonegoro,2024,3,2024-03-01,0.6064203817274145,0.3693132677813204,0.3541488183574774
Bojonegoro,2024,4,2024-04-01,0.5168739245543846,0.4024914724666588,0.2903501131231391
Bojonegoro,2024,5,2024-05-01,0.5440049244826232,0.3318228245948703,0.3089923283602891
Bojonegoro,2024,6,2024-06-01,0.5236676653850403,0.3221796552702413,0.3028592801601261
Bojonegoro,2024,7,2024-07-01,0.4747066289809444,0.2994847075170438,0.281966814233131
Bojonegoro,2024,8,2024-08-01,0.4728295651538154,0.3203546109120023,0.300609167437579
Bojonegoro,2024,9,2024-09-01,0.4475626695922129,0.2889581058775268,0.2761041003557686
Bojonegoro,2024,10,2024-10-01,0.3956720116350733,0.2457784136977329,0.2387442257985097
Bojonegoro,2024,11,2024-11-01,0.4178016890233769,0.2448696891948931,0.2486235552284288
Bojonegoro,2024,12,2024-12-01,0.3902448250950012,0.2313364471625109,0.2125039255783613
Jember,2019,3,2019-03-01,0.5983548327345369,0.3752617057462178,0.346931652834716
Jember,2019,4,2019-04-01,0.4742707775745675,0.2851335525723559,0.2647420534324542
Jember,2019,5,2019-05-01,0.5449506132687988,0.3356371551916884,0.3077148993123722
Jember,2019,6,2019-06-01,0.6845054486773605,0.4428545567779969,0.4040790185064458
Jember,2019,7,2019-07-01,0.5488551735406888,0.3688852666577956,0.3320854340935563
Jember,2019,8,2019-08-01,0.5106601104956545,0.3632141478759401,0.3242328302888195
Jember,2019,9,2019-09-01,0.5967886718563807,0.4596503343453857,0.3980210229650467
Jember,2019,10,2019-10-01,0.5874235608105675,0.4359326391257526,0.3864854795803965
Jember,2019,11,2019-11-01,0.5601249986109708,0.3950815129302291,0.3586556440184172
Jember,2019,12,2019-12-01,0.5369377456277229,0.3768426902869728,0.3419573139657291
Jember,2020,1,2020-01-01,0.5382891929372322,0.349293492054211,0.3088200830593102
Jember,2020,2,2020-02-01,0.6907571137917731,0.4521199324521497,0.4054607454352628
Jember,2020,3,2020-03-01,0.6485411871771452,0.4250337063862069,0.3849624009649201
Jember,2020,4,2020-04-01,0.5133843584538664,0.3051795815213007,0.2879104149846972
Jember,2020,5,2020-05-01,0.5585054857987167,0.3292177721482394,0.3039005928734752
Jember,2020,6,2020-06-01,0.643922916547893,0.388938728572503,0.3619052244863739
Jember,2020,7,2020-07-01,0.6365154907884593,0.4180334913408631,0.3748961208936837
Jember,2020,8,2020-08-01,0.5257849940917697,0.3736898573343031,0.3288216800179303
Jember,2020,9,2020-09-01,0.568069442171481,0.4278317952797042,0.3747141630794318
Jember,2020,10,2020-10-01,0.654892081635449,0.4889718600415952,0.4309089536355356
Jember,2020,11,2020-11-01,0.6550320445666387,0.4686009988039725,0.4163729367119709
Jember,2020,12,2020-12-01,0.468462903008659,0.2996141042639542,0.273511531850014
Jember,2021,1,2021-01-01,0.4217778025117157,0.3053613699582304,0.2598544681267482
Jember,2021,2,2021-02-01,0.6125362553034174,0.4287005962783003,0.3656412065564979
Jember,2021,3,2021-03-01,0.6180286403409487,0.3887464990869975,0.3560918345012541
Jember,2021,4,2021-04-01,0.4905058196420441,0.2862887897042035,0.2725928119845572
Jember,2021,5,2021-05-01,0.5079313024779767,0.3057421385617797,0.2837739786858904
Jember,2021,6,2021-06-01,0.6475532486593929,0.4069757350850748,0.3699724985467357
Jember,2021,7,2021-07-01,0.6027908855468961,0.3908463634004585,0.3613075387103369
Jember,2021,8,2021-08-01,0.5185024061330521,0.3613986658540924,0.3202315268329754
Jember,2021,9,2021-09-01,0.6185164004540401,0.4515404726287738,0.3966614166140835
Jember,2021,10,2021-10-01,0.6311433517255249,0.4753041019272258,0.4190246642898572
Jember,2021,11,2021-11-01,0.533544185884048,1.0,0.3450419405969199
Jember,2021,12,2021-12-01,0.4834384238084384,0.3004358147934777,0.2712407569045236
Jember,2022,1,2022-01-01,0.5242746288572017,0.2960994374603407,0.2812940167250837
Jember,2022,2,2022-02-01,0.6709848529022739,0.4314979661636463,0.4004172689060179
Jember,2022,3,2022-03-01,0.581157642837568,0.373532143670003,0.3450378306877041
Jember,2022,4,2022-04-01,0.4900921391348221,0.2962822930852807,0.2780088213752316
Jember,2022,5,2022-05-01,0.5735853278071015,0.3463595018818335,0.3203967418207701
Jember,2022,6,2022-06-01,0.6225553403343215,0.3887856709423835,0.3577969627793551
Jember,2022,7,2022-07-01,0.597708929600721,0.383160685550857,0.3548142145600662
Jember,2022,8,2022-08-01,0.5423621315928139,0.3700811071420615,0.3294518855073259
Jember,2022,9,2022-09-01,0.6193817236395053,0.4433574157702931,0.3969010083623414
Jember,2022,10,2022-10-01,0.596872265304863,0.4805766575822264,0.3856227331671591
Jember,2022,11,2022-11-01,0.6355177415588388,0.4419988723965771,0.4078955099996038
Jember,2022,12,2022-12-01,0.5461648234603163,0.3333630311913422,0.316243144267374
Jember,2023,1,2023-01-01,0.5120347338240467,0.3023735403186301,0.2758737472753227
Jember,2023,2,2023-02-01,0.673568631098972,0.2490669975098916,0.387935661430634
Jember,2023,3,2023-03-01,0.6085702945496099,0.3860584247596078,0.3565126019659548
Jember,2023,4,2023-04-01,0.5372320961356721,0.2921781900302921,0.2836323243181196
Jember,2023,5,2023-05-01,0.5728103790599064,0.3499825570534627,0.3234244332150109
Jember,2023,6,2023-06-01,0.5886608356800559,0.3578175576014205,0.3324230559276754
Jember,2023,7,2023-07-01,0.5806511139590766,0.3846225926245168,0.3408349276201671
Jember,2023,8,2023-08-01,0.5422421789501949,0.3612904786354602,0.3312400138796978
Jember,2023,9,2023-09-01,0.5602530354633775,0.4025926736517453,0.3600393692913219
Jember,2023,10,2023-10-01,0.5707422113006416,0.3945251307902445,0.3607293394340487
Jember,2023,11,2023-11-01,0.5683777483285444,0.4019574521986358,0.3613563296725033
Jember,2023,12,2023-12-01,0.5556043454811939,0.3785245915788242,0.3433014970669543
Jember,2024,1,2024-01-01,0.5799329787120451,0.3494966390915583,0.3269155279539322
Jember,2024,2,2024-02-01,0.675428720043347,0.4006252733138267,0.3784530147539809
Jember,2024,3,2024-03-01,0.6393719399739103,0.3956005723959366,0.3696320719047802
Jember,2024,4,2024-04-01,0.5684585114723827,0.3585737691471451,0.3268874862385646
Jember,2024,5,2024-05-01,0.5133434262901558,0.3113215181381738,0.2881408447946326
Jember,2024,6,2024-06-01,0.6073216993940701,0.3716337266229357,0.3435670961607335
Jember,2024,7,2024-07-01,0.6258155830772892,0.417887569803448,0.3757998684632342
Jember,2024,8,2024-08-01,0.5675330143779824,0.3872174361267049,0.3521856343310897
Jember,2024,9,2024-09-01,0.5352532379085042,0.3779539508444255,0.3440675618076062
Jember,2024,10,2024-10-01,0.6040989791170318,0.4502250082579099,0.4010008388836788
Jember,2024,11,2024-11-01,0.6441768729655487,0.4661358200180701,0.415866325210006
Jember,2024,12,2024-12-01,0.5504331215561283,0.3739067077565026,0.330636547203388
Lamongan,2019,3,2019-03-01,0.5812110850123497,0.34937660870178,0.337385640437768
Lamongan,2019,4,2019-04-01,0.4417936633669876,0.2950442998328323,0.2545827712223326
Lamongan,2019,5,2019-05-01,0.5644481445328254,0.3405427143599233,0.3142128565719159
Lamongan,2019,6,2019-06-01,0.5049300398370231,0.315706487722876,0.2990688496480225
Lamongan,2019,7,2019-07-01,0.4537434326470677,0.2817169856788764,0.2709357430480188
Lamongan,2019,8,2019-08-01,0.3714171821843596,0.2498854220535773,0.2354709286411665
Lamongan,2019,9,2019-09-01,0.310597070750256,0.2085837223648698,0.2018361946025151
Lamongan,2019,10,2019-10-01,0.2064841118203771,0.1361461976911254,0.1315163281743552
Lamongan,2019,11,2019-11-01,0.2162699473384604,0.1297970107928224,0.1268356388646565
Lamongan,2019,12,2019-12-01,0.2346647414448909,0.1484126887275908,0.1331608648093555
Lamongan,2020,1,2020-01-01,0.4417151285398771,0.2707041181895951,0.2436001578274596
Lamongan,2020,2,2020-02-01,0.6928762023815938,0.4755406759022462,0.4237894428479029
Lamongan,2020,3,2020-03-01,0.6548567098161795,0.4284699473276738,0.3996633980198733
Lamongan,2020,4,2020-04-01,0.4343366559767551,0.2592829621509163,0.242469855847492
Lamongan,2020,5,2020-05-01,0.5526236318956367,0.3238588039312222,0.303816239106927
Lamongan,2020,6,2020-06-01,0.587513736281396,0.3711182714722619,0.3370395982478183
Lamongan,2020,7,2020-07-01,0.4940392392761984,0.3141129684058217,0.2954969779305
Lamongan,2020,8,2020-08-01,0.4314722233394879,0.2843070183284084,0.2709226304344946
Lamongan,2020,9,2020-09-01,0.3498229723447988,0.2429143861485934,0.2269418751853684
Lamongan,2020,10,2020-10-01,0.2837868161824988,0.1885666339007269,0.1754315003181415
Lamongan,2020,11,2020-11-01,0.2733984208361638,0.1762712453169117,0.1602114347977015
Lamongan,2020,12,2020-12-01,0.2688163719404269,0.2002798920455934,0.1576786952569193
Lamongan,2021,1,2021-01-01,0.5296646844323821,0.3295922516571223,0.2988032187057569
Lamongan,2021,2,2021-02-01,0.6371995059643268,0.4549728772762598,0.3939051583685818
Lamongan,2021,3,2021-03-01,0.4753438131439663,0.2706370050118011,0.2616786726642717
Lamongan,2021,4,2021-04-01,0.5006363864678628,0.2990432114193961,0.2765429161634313
Lamongan,2021,5,2021-05-01,0.5454575374873468,0.3513517547260902,0.3089442205143503
Lamongan,2021,6,2021-06-01,0.5442928513490926,0.3402867637037026,0.3105930341254589
Lamongan,2021,7,2021-07-01,0.4781685328915447,0.3022082139436714,0.2901977194521015
Lamongan,2021,8,2021-08-01,0.4216443646816326,0.2720691714432305,0.2580887058067555
Lamongan,2021,9,2021-09-01,0.3593075188551618,0.2386411261122358,0.2239636411647192
Lamongan,2021,10,2021-10-01,0.319108651468486,0.2092727890585041,0.1967454753470255
Lamongan,2021,11,2021-11-01,0.2797376896779334,0.1556462874321024,0.1427955920294181
Lamongan,2021,12,2021-12-01,0.416285646723705,0.2539512663504943,0.2309014477582857
Lamongan,2022,1,2022-01-01,0.6741607905054237,0.4787207704464026,0.4185092666419483
Lamongan,2022,2,2022-02-01,0.6599283647593119,0.4630352809684872,0.4088900027970052
Lamongan,2022,3,2022-03-01,0.4672529938147147,0.2708269325658271,0.261514121090553
Lamongan,2022,4,2022-04-01,0.4446844745429555,0.2551019329931672,0.2391340471572755
Lamongan,2022,5,2022-05-01,0.638134506158619,0.395300523527226,0.3678536499264828
Lamongan,2022,6,2022-06-01,0.6250475723176946,0.365987744359424,0.3502669738458752
Lamongan,2022,7,2022-07-01,0.5127778226091934,0.3272880782341371,0.3020183886705208
Lamongan,2022,8,2022-08-01,0.5288713670383207,0.344029029179014,0.3187784985199877
Lamongan,2022,9,2022-09-01,0.4627775958489933,0.2986875986551081,0.2790293017690157
Lamongan,2022,10,2022-10-01,0.4588348459967716,0.2473760690159221,0.2556170190410185
Lamongan,2022,11,2022-11-01,0.3739237047755414,0.2171911246187959,0.2037111481452853
Lamongan,2022,12,2022-12-01,0.4895676800786142,0.2851434697558242,0.2698099916988949
Lamongan,2023,1,2023-01-01,0.7187126441983346,0.4700884418385563,0.4258427757006426
Lamongan,2023,2,2023-02-01,0.4523780851331404,0.3052044482779446,0.2691390764798768
Lamongan,2023,3,2023-03-01,0.4054772058855471,0.2357419230804345,0.2242969712738285
Lamongan,2023,4,2023-04-01,0.5306096816530531,0.3184422200616636,0.2951564367680193
Lamongan,2023,5,2023-05-01,0.5705309004989053,0.3541312596810193,0.3281489902965989
Lamongan,2023,6,2023-06-01,0.4743185571322394,0.2874918863362055,0.2748505885081154
Lamongan,2023,7,2023-07-01,0.4823998430050974,0.3148168288743969,0.2940395743013237
Lamongan,2023,8,2023-08-01,0.4419998194625514,0.290554964979702,0.2772254422361593
Lamongan,2023,9,2023-09-01,0.3182152755930496,0.2001774824753789,0.1991783402713587
Lamongan,2023,10,2023-10-01,0.2336933170141065,0.1350462566402578,0.1443919036472425
Lamongan,2023,11,2023-11-01,0.2465061361440226,0.1345823460512162,0.1347437672862594
Lamongan,2023,12,2023-12-01,0.3728101048077696,0.2132383914740473,0.2057885095268858
Lamongan,2024,1,2024-01-01,0.5921477389335412,0.3584273806889205,0.3370382260285444
Lamongan,2024,2,2024-02-01,0.7060756184829391,0.4564538686822579,0.4242830491320664
Lamongan,2024,3,2024-03-01,0.5932271685378278,0.4252814379408385,0.3747554697534956
Lamongan,2024,4,2024-04-01,0.4964239554322571,0.2879931942798936,0.2682941267492036
Lamongan,2024,5,2024-05-01,0.5215775528480061,0.3229343301190936,0.2959368834340761
Lamongan,2024,6,2024-06-01,0.5418710465837329,0.3371744040808617,0.3128852412349568
Lamongan,2024,7,2024-07-01,0.4881701704155828,0.3103781581273904,0.2905611479519929
Lamongan,2024,8,2024-08-01,0.4087389019910812,0.2704245574310577,0.2587483693260815
Lamongan,2024,9,2024-09-01,0.3458239390171568,0.2201476940750044,0.217452074667565
Lamongan,2024,10,2024-10-01,0.2672607874956821,0.155130262025975,0.1568792623900706
Lamongan,2024,11,2024-11-01,0.2683335212680649,0.1527040600627127,0.1452614950173918
Lamongan,2024,12,2024-12-01,0.4467222130764958,0.2542724126214756,0.2386515805866126
Ngawi,2019,3,2019-03-01,0.4183679390248918,0.255890827561876,0.234430472683412
Ngawi,2019,4,2019-04-01,0.4241795698787312,0.2883444868804725,0.2368637620235806
Ngawi,2019,5,2019-05-01,0.7835537764998315,0.5010744452651562,0.4531322611605142
Ngawi,2019,6,2019-06-01,0.489669439171873,0.3151194944208456,0.3002695870743186
Ngawi,2019,7,2019-07-01,0.375992686578716,0.2317889769653369,0.2225706023240939
Ngawi,2019,8,2019-08-01,0.4677575820276537,0.2950402105720859,0.2726742913802472
Ngawi,2019,9,2019-09-01,0.6111197365630936,0.4294483741898254,0.3830282562668965
Ngawi,2019,10,2019-10-01,0.4582416700727509,0.3279958882072093,0.3003384804084696
Ngawi,2019,11,2019-11-01,0.3476995338179111,0.2268809888482504,0.2151311904049726
Ngawi,2019,12,2019-12-01,0.4051826133839135,0.246102855623785,0.2185721012004516
Ngawi,2020,1,2020-01-01,0.7523527122552929,0.5205881307794117,0.4487871148575601
Ngawi,2020,2,2020-02-01,0.7406531487214084,0.549246932003933,0.4667116273792218
Ngawi,2020,3,2020-03-01,0.4347963567325119,0.2897054733676992,0.2565665843909249
Ngawi,2020,4,2020-04-01,0.3961923202143884,0.2221824507607871,0.2031201601320823
Ngawi,2020,5,2020-05-01,0.7044766683872731,0.4602617032727225,0.4040527248048218
Ngawi,2020,6,2020-06-01,0.6563340834677689,0.4450692140850626,0.3996385662328691
Ngawi,2020,7,2020-07-01,0.3597413139338853,0.2189611176689428,0.2120773217696048
Ngawi,2020,8,2020-08-01,0.5047120047818002,0.3142595531350464,0.2889124161516569
Ngawi,2020,9,2020-09-01,0.6890070154168362,0.4784816943594874,0.4251193275487601
Ngawi,2020,10,2020-10-01,0.5649778224265963,0.3922388181813561,0.3585513051992173
Ngawi,2020,11,2020-11-01,0.3681038837708287,0.2317000337801919,0.2163771147554586
Ngawi,2020,12,2020-12-01,0.5544516829362417,0.3392844210669039,0.300944667018067
Ngawi,2021,1,2021-01-01,0.6332641977477667,0.3934922814507481,0.3458522160404245
Ngawi,2021,2,2021-02-01,0.6278928834580445,0.4406956338028543,0.3750110834144958
Ngawi,2021,3,2021-03-01,0.3988572348376742,0.2429033558121277,0.223069206432224
Ngawi,2021,4,2021-04-01,0.5153823425400356,0.2803392724588088,0.2624156432392301
Ngawi,2021,5,2021-05-01,0.7291659546944597,0.4625146494972096,0.4135135399244186
Ngawi,2021,6,2021-06-01,0.6508910374037397,0.4169446285415775,0.3770826894279701
Ngawi,2021,7,2021-07-01,0.4144204152999612,0.244756119722526,0.2378357588480609
Ngawi,2021,8,2021-08-01,0.5006730748592246,0.3048985807290228,0.2794619065044051
Ngawi,2021,9,2021-09-01,0.6928453755929225,0.4602246248540958,0.4123116656553006
Ngawi,2021,10,2021-10-01,0.5914969244557478,0.4015990725102053,0.3632911638242981
Ngawi,2021,11,2021-11-01,0.4265145031740432,0.2873593043754812,0.2576804830096286
Ngawi,2021,12,2021-12-01,0.3854461930431144,0.2036035956036232,0.1918751155984801
Ngawi,2022,1,2022-01-01,0.6206917349096538,0.3955704335990163,0.3577618467603659
Ngawi,2022,2,2022-02-01,0.6598170514623738,0.4730561416862642,0.3980657581608883
Ngawi,2022,3,2022-03-01,0.4743048035124541,0.2915176014941353,0.269598632840067
Ngawi,2022,4,2022-04-01,0.4056211862026614,0.209323697652185,0.200467410785322
Ngawi,2022,5,2022-05-01,0.6742247667840657,0.414094021716167,0.3731912780836149
Ngawi,2022,6,2022-06-01,0.7359351911567577,0.4316567774152365,0.4046300029226652
Ngawi,2022,7,2022-07-01,0.4490566180538182,0.2620934155261878,0.2502054569127201
Ngawi,2022,8,2022-08-01,0.3900609678853534,0.2314361487848204,0.2170997872054898
Ngawi,2022,9,2022-09-01,0.6745830937443202,0.4502395038510712,0.3982703079946672
Ngawi,2022,10,2022-10-01,0.5903950657164083,0.409628426591457,0.3680034622400898
Ngawi,2022,11,2022-11-01,0.3893218472004627,-1.0,0.2309391905886003
Ngawi,2022,12,2022-12-01,0.3681820957745234,0.2215319677830113,0.1983111862745596
Ngawi,2023,1,2023-01-01,0.6516540476326417,0.3960837324009624,0.3600580063006067
Ngawi,2023,2,2023-02-01,0.7063635636222341,0.5432336169404356,0.4426977991274978
Ngawi,2023,3,2023-03-01,0.5744837106056683,0.3848511795373668,0.3355571094215554
Ngawi,2023,4,2023-04-01,0.402309381749508,0.2368590094596181,0.2135277609023619
Ngawi,2023,5,2023-05-01,0.6719575808764524,0.3958064644410692,0.3689798355693798
Ngawi,2023,6,2023-06-01,0.6718765651735918,0.4236606248142328,0.3819210806500437
Ngawi,2023,7,2023-07-01,0.4862459720528977,0.304278967240967,0.2892010299532075
Ngawi,2023,8,2023-08-01,0.3901912503173102,0.2368124194374384,0.2266210843491592
Ngawi,2023,9,2023-09-01,0.5387430890231876,0.3478275367426849,0.3190574920453413
Ngawi,2023,10,2023-10-01,0.5888644882862933,0.3968866943783295,0.3626015291367067
Ngawi,2023,11,2023-11-01,0.4824965697920372,0.3318995275677861,0.3007699588738073
Ngawi,2023,12,2023-12-01,0.4052608186133276,0.2424426426761385,0.2258360912050682
Ngawi,2024,1,2024-01-01,0.6201611314819043,0.3692040469341914,0.3413999692041956
Ngawi,2024,2,2024-02-01,0.7178889016165427,0.4804318388142689,0.4204768549298923
Ngawi,2024,3,2024-03-01,0.5326672230303793,0.3298306099743728,0.3056776674036192
Ngawi,2024,4,2024-04-01,0.4106803095833577,0.2271428128759075,0.2135585149002581
Ngawi,2024,5,2024-05-01,0.5311208509844227,0.3035778455858034,0.282042858083159
Ngawi,2024,6,2024-06-01,0.6930426075565778,0.4341192516707768,0.3941205186392575
Ngawi,2024,7,2024-07-01,0.5697694298947513,0.3627608484943194,0.341110729959076
Ngawi,2024,8,2024-08-01,0.4478529246191635,0.2796529765510708,0.2612849084885478
Ngawi,2024,9,2024-09-01,0.5434225397286191,0.3543188590332432,0.3232660354261062
Ngawi,2024,10,2024-10-01,0.6025684197866962,0.3998810964972251,0.3672782000578986
Ngawi,2024,11,2024-11-01,0.5655084495993971,0.4028564936946485,0.3571273178140864
Ngawi,2024,12,2024-12-01,0.4658208451843938,0.275403607599336,0.2448055094736875
Tuban,2019,3,2019-03-01,0.6080048735428569,0.3753506284818452,0.359651619468347
Tuban,2019,4,2019-04-01,0.4724666787634068,0.3263568185614614,0.2822269505059232
Tuban,2019,5,2019-05-01,0.4888506156490488,0.2872828853441826,0.2735468752849693
Tuban,2019,6,2019-06-01,0.4690860607505014,0.2827599304738379,0.2702340874803993
Tuban,2019,7,2019-07-01,0.4677226267445837,0.290327933418985,0.2776547538346333
Tuban,2019,8,2019-08-01,0.4732531467416299,0.3132536419650076,0.294547283108672
Tuban,2019,9,2019-09-01,0.438660218612053,0.3036315882501524,0.2856807495244814
Tuban,2019,10,2019-10-01,0.2822343674786128,0.1937318595487022,0.1862585329130091
Tuban,2019,11,2019-11-01,0.2988909026601917,0.1895517339054336,0.1844058502876292
Tuban,2019,12,2019-12-01,0.3640207154157897,0.2655479915604024,0.2245030588894326
Tuban,2020,1,2020-01-01,0.5005386960510655,0.3396238439274735,0.297857567274476
Tuban,2020,2,2020-02-01,0.5869058133751341,0.3748072186563826,0.3428247108885807
Tuban,2020,3,2020-03-01,0.5965237420920849,0.3964405889515049,0.3570469424862188
Tuban,2020,4,2020-04-01,0.5308370714534077,0.3372562446182695,0.3089587379499701
Tuban,2020,5,2020-05-01,0.5038837374971621,0.3153891717352383,0.2927123453000123
Tuban,2020,6,2020-06-01,0.4735137760087755,0.2956735041691,0.2730587235122738
Tuban,2020,7,2020-07-01,0.4956787919842523,0.3097636787016997,0.2916424863777429
Tuban,2020,8,2020-08-01,0.5342740903183814,0.356790393819424,0.3333368086212487
Tuban,2020,9,2020-09-01,0.4859629549514927,0.1695300850655349,0.3087314508277544
Tuban,2020,10,2020-10-01,0.3490887255982474,0.243311879691542,0.2236742007164354
Tuban,2020,11,2020-11-01,0.3764627896082315,0.2653996731304941,0.2341652314612659
Tuban,2020,12,2020-12-01,0.529221492114664,0.361925123596179,0.3160644393403265
Tuban,2021,1,2021-01-01,0.4978040255913704,0.3580552015599815,0.2966039594090725
Tuban,2021,2,2021-02-01,0.5714837332996641,0.3539451830544866,0.3335203656624316
Tuban,2021,3,2021-03-01,0.513179493171084,0.3164485139608668,0.2961850375008493
Tuban,2021,4,2021-04-01,0.4966177030692293,0.3082833190720954,0.2890099801889372
Tuban,2021,5,2021-05-01,0.4958224791424009,0.3070858625417383,0.2812757835471275
Tuban,2021,6,2021-06-01,0.4849005652208041,0.2971426039219888,0.2742630144147128
Tuban,2021,7,2021-07-01,0.5099094096491442,0.3210015443276748,0.3062237922131137
Tuban,2021,8,2021-08-01,0.5155605227072279,0.3407435900057182,0.319365593859529
Tuban,2021,9,2021-09-01,0.4482396755107037,0.298204112133813,0.2816753768487502
Tuban,2021,10,2021-10-01,0.3708252400386401,0.2511971352211347,0.2359508085677381
Tuban,2021,11,2021-11-01,0.4282190793789264,0.2764509246709452,0.2514283993806506
Tuban,2021,12,2021-12-01,0.507131314484377,0.3281348769461605,0.299215793758598
Tuban,2022,1,2022-01-01,0.5793213301671831,0.3852682023287557,0.3469020255344686
Tuban,2022,2,2022-02-01,0.5742370740091526,0.4021433663157079,0.3592267929697748
Tuban,2022,3,2022-03-01,0.5334054161357813,0.3344267831101858,0.3187390740204459
Tuban,2022,4,2022-04-01,0.4751299196030445,0.3035772745072792,0.2821520505372197
Tuban,2022,5,2022-05-01,0.5249950716383085,0.3151505755566309,0.2973575010478294
Tuban,2022,6,2022-06-01,0.5368705475156417,0.3181563309990836,0.3024349642622049
Tuban,2022,7,2022-07-01,0.5604254385502584,0.3489747578307005,0.3269963699587115
Tuban,2022,8,2022-08-01,0.5503258132261225,0.3610011250413011,0.3336285829493254
Tuban,2022,9,2022-09-01,0.5198392052759734,0.3451924713721084,0.3226998216969835
Tuban,2022,10,2022-10-01,0.4645897082379621,0.277269303508446,0.276079021035763
Tuban,2022,11,2022-11-01,0.49331143387891,0.3047550507077022,0.28878785492211
Tuban,2022,12,2022-12-01,0.5525221239693204,0.3492427205482944,0.331104618297046
Tuban,2023,1,2023-01-01,0.6130678031246062,0.3866167178232393,0.3537923094707497
Tuban,2023,2,2023-02-01,0.4681782288828562,0.3575135084814567,0.2883500648892341
Tuban,2023,3,2023-03-01,0.4452035940868585,0.3059884241193251,0.2732849255477658
Tuban,2023,4,2023-04-01,0.4923256310079162,0.3100309532703408,0.2864961049609301
Tuban,2023,5,2023-05-01,0.5280577612166474,0.3221743336869646,0.3027649377270333
Tuban,2023,6,2023-06-01,0.4556712967025167,0.2724009337501396,0.2618796011957746
Tuban,2023,7,2023-07-01,0.4989015174395348,0.3107368958112544,0.2934458303950878
Tuban,2023,8,2023-08-01,0.5077294940958681,0.3382413568388889,0.3197085157841438
Tuban,2023,9,2023-09-01,0.3855765154855169,0.2511794015808081,0.2471133127004225
Tuban,2023,10,2023-10-01,0.3163092555252496,0.1879541472714426,0.1995702574768538
Tuban,2023,11,2023-11-01,0.3556908106162316,0.2163912129222954,0.213337189800016
Tuban,2023,12,2023-12-01,0.5484246098250937,0.3523359818124487,0.336287312046676
Tuban,2024,1,2024-01-01,0.6100068576872082,0.3970395570065743,0.3718531232454927
Tuban,2024,2,2024-02-01,0.555733389784129,0.3680756415881207,0.3301647403225389
Tuban,2024,3,2024-03-01,0.5245184938054863,0.3613284399861803,0.3216808050451316
Tuban,2024,4,2024-04-01,0.5490409510823996,0.4103088373565502,0.3246316371816854
Tuban,2024,5,2024-05-01,0.4556875984832234,0.2800815977228372,0.2644138924488748
Tuban,2024,6,2024-06-01,0.455549661871475,0.2819413297085742,0.2663360293847743
Tuban,2024,7,2024-07-01,0.5297973805585567,0.3391884799209013,0.3168945267813804
Tuban,2024,8,2024-08-01,0.4896290933210159,0.3283002361944055,0.3109139547454257
Tuban,2024,9,2024-09-01,0.3879402535909967,0.256052672643324,0.2491580361500497
Tuban,2024,10,2024-10-01,0.3336559289533632,0.2096444334651365,0.210040856734278
Tuban,2024,11,2024-11-01,0.3763500739022414,0.2368583191953452,0.2319297689228557
Tuban,2024,12,2024-12-01,0.5370953881570745,0.3593426963028338,0.3200302310096413
