NDVI_mean,EVI_mean,SAVI_mean,Bulan_sin,Bulan_cos,Kab_Jember,Kab_Lamongan,Kab_Ngawi,Kab_Tuban,NDVI_mean_delta1,SAVI_mean_delta1,NDVI_mean_lag2,SAVI_mean_lag1,NDVI_mean_lag1,SAVI_mean_lag2,NDVI_mean_roll3,SAVI_mean_roll3,EVI_mean_delta1
0.6016152069131326,0.3755475090577019,0.3581941189758788,1.0,6.123233995736766e-17,0,0,0,0,-0.11067051131819594,-0.07526068229985033,0.5286408622931681,0.4334548012757291,0.7122857182313286,0.3009413637782562,0.6016152069131326,0.3581941189758788,-0.10461427227177938
0.4348636010212295,0.2772938795996788,0.2443452937922033,0.8660254037844387,-0.4999999999999998,0,0,0,0,-0.16675160589190313,-0.11384882518367548,0.7122857182313286,0.3581941189758788,0.6016152069131326,0.4334548012757291,0.518239403967181,0.30126970638404105,-0.09825362945802307
0.584317809243742,0.3439221034539536,0.322369734714853,0.49999999999999994,-0.8660254037844387,0,0,0,0,0.14945420822251249,0.07802444092264968,0.6016152069131326,0.2443452937922033,0.4348636010212295,0.3581941189758788,0.540265539059368,0.30830304916097834,0.06662822385427475
0.4694888690527704,0.2896293242029033,0.2775729621683719,1.2246467991473532e-16,-1.0,0,0,0,0,-0.11482894019097162,-0.04479677254648107,0.4348636010212295,0.322369734714853,0.584317809243742,0.2443452937922033,0.4962234264392473,0.28142933022514277,-0.05429277925105025
0.4090940717821784,0.2518911192068734,0.2434441718682782,-0.4999999999999997,-0.8660254037844388,0,0,0,0,-0.06039479727059199,-0.03412879030009372,0.584317809243742,0.2775729621683719,0.4694888690527704,0.322369734714853,0.4876335833595636,0.281128956250501,-0.03773820499602992
0.3858923933100152,0.2578431580118318,0.243124504827738,-0.8660254037844384,-0.5000000000000004,0,0,0,0,-0.0232016784721632,-0.000319667040540178,0.4694888690527704,0.2434441718682782,0.4090940717821784,0.2775729621683719,0.42149177804832133,0.2547138796214627,0.0059520388049583706
0.3806439096797464,0.2706442552703135,0.2523642552088372,-1.0,-1.8369701987210297e-16,0,0,0,0,-0.005248483630268808,0.009239750381099199,0.4090940717821784,0.243124504827738,0.3858923933100152,0.2434441718682782,0.3918767915906467,0.2463109773016178,0.01280109725848172
0.2559248710444992,0.1756536399886785,0.1661799929352146,-0.8660254037844386,0.5000000000000001,0,0,0,0,-0.12471903863524719,-0.08618426227362261,0.3858923933100152,0.2523642552088372,0.3806439096797464,0.243124504827738,0.34082039134475356,0.22055625099059661,-0.094990615281635
0.2849058538667788,0.1730369511205853,0.1655420661899435,-0.5000000000000004,0.8660254037844384,0,0,0,0,0.028980982822279622,-0.0006379267452711057,0.3806439096797464,0.1661799929352146,0.2559248710444992,0.2523642552088372,0.30715821153034145,0.19469543811133175,-0.0026166888680932143
0.3898701894805796,0.2631972306733635,0.2301941603401155,-2.4492935982947064e-16,1.0,0,0,0,0,0.10496433561380081,0.06465209415017201,0.2559248710444992,0.1655420661899435,0.2849058538667788,0.1661799929352146,0.3102336381306192,0.18730540648842453,0.0901602795527782
0.4722188318855233,0.2994042253080562,0.2676867503546016,0.49999999999999994,0.8660254037844387,0,0,0,0,0.08234864240494372,0.0374925900144861,0.2849058538667788,0.2301941603401155,0.3898701894805796,0.1655420661899435,0.3823316250776272,0.2211409922948869,0.036206994634692735
0.6763106959964418,0.4439014052243359,0.3999314387884471,0.8660254037844386,0.5000000000000001,0,0,0,0,0.20409186411091845,0.13224468843384551,0.3898701894805796,0.2676867503546016,0.4722188318855233,0.2301941603401155,0.5127999057875149,0.29927078316105477,0.1444971799162797
0.6323351298265822,0.4190048030575388,0.3821904961293109,1.0,6.123233995736766e-17,0,0,0,0,-0.04397556616985954,-0.017740942659136227,0.4722188318855233,0.3999314387884471,0.6763106959964418,0.2676867503546016,0.5936215525695158,0.34993622842411987,-0.02489660216679712
0.4480204596107539,0.2733452562985971,0.2527155290827042,0.8660254037844387,-0.4999999999999998,0,0,0,0,-0.18431467021582837,-0.12947496704660666,0.6763106959964418,0.3821904961293109,0.6323351298265822,0.3999314387884471,0.585555428477926,0.34494582133348733,-0.14565954675894172
0.5559495843727826,0.3413826037505248,0.3123197810452306,0.49999999999999994,-0.8660254037844387,0,0,0,0,0.10792912476202876,0.05960425196252639,0.6323351298265822,0.2527155290827042,0.4480204596107539,0.3821904961293109,0.5454350579367063,0.3157419354190819,0.06803734745192774
0.5552233474117053,0.353511322628577,0.3245155565934878,1.2246467991473532e-16,-1.0,0,0,0,0,-0.00072623696107732,0.012195775548257182,0.4480204596107539,0.3123197810452306,0.5559495843727826,0.2527155290827042,0.5197311304650807,0.2965169555738076,0.01212871887805217
0.4806576925702678,0.2952398329891061,0.2802531942528873,-0.4999999999999997,-0.8660254037844388,0,0,0,0,-0.07456565484143751,-0.04426236234060049,0.5559495843727826,0.3245155565934878,0.5552233474117053,0.3123197810452306,0.5306102081182519,0.30569617729720194,-0.058271489639470875
0.4945568123318894,0.334976673558113,0.3102221314849581,-0.8660254037844384,-0.5000000000000004,0,0,0,0,0.013899119761621614,0.02996893723207078,0.5552233474117053,0.2802531942528873,0.4806576925702678,0.3245155565934878,0.5101459507712875,0.3049969607771111,0.03973684056900689
0.5068401366127948,0.363739105651404,0.3301392885199362,-1.0,-1.8369701987210297e-16,0,0,0,0,0.012283324280905394,0.019917157034978095,0.4806576925702678,0.3102221314849581,0.4945568123318894,0.2802531942528873,0.49401821383831734,0.3068715380859272,0.02876243209329099
0.4199360998089149,0.2846453702212397,0.2585034944120402,-0.8660254037844386,0.5000000000000001,0,0,0,0,-0.08690403680387992,-0.071635794107896,0.4945568123318894,0.3301392885199362,0.5068401366127948,0.3102221314849581,0.47377768291786637,0.29962163813897813,-0.07909373543016429
0.4027298469311399,0.2675141556886504,0.2392049439842295,-0.5000000000000004,0.8660254037844384,0,0,0,0,-0.017206252877774997,-0.019298550427810673,0.5068401366127948,0.2585034944120402,0.4199360998089149,0.3301392885199362,0.44316869445094986,0.27594924230540196,-0.01713121453258931
0.4874953019925674,0.3126043936881224,0.2788847214141369,-2.4492935982947064e-16,1.0,0,0,0,0,0.08476545506142752,0.03967977742990739,0.4199360998089149,0.2392049439842295,0.4027298469311399,0.2585034944120402,0.4367204162442074,0.25886438660346883,0.04509023799947198
0.6032722139534261,0.4113605920380864,0.3606920113647182,0.49999999999999994,0.8660254037844387,0,0,0,0,0.11577691196085871,0.08180728995058129,0.4027298469311399,0.2788847214141369,0.4874953019925674,0.2392049439842295,0.49783245429237777,0.2929272255876949,0.09875619834996402
0.5872670780717397,0.3990094513794832,0.3540496602313571,0.8660254037844386,0.5000000000000001,0,0,0,0,-0.016005135881686394,-0.006642351133361091,0.4874953019925674,0.3606920113647182,0.6032722139534261,0.2788847214141369,0.5593448646725778,0.3312087976700708,-0.01235114065860321
0.4271655316695109,0.2434474558566647,0.2348397917970579,1.0,6.123233995736766e-17,0,0,0,0,-0.16010154640222884,-0.11920986843429918,0.6032722139534261,0.3540496602313571,0.5872670780717397,0.3606920113647182,0.5392349412315589,0.31652715446437774,-0.1555619955228185
0.5257658474027539,0.3065477576633357,0.2882746790595569,0.8660254037844387,-0.4999999999999998,0,0,0,0,0.09860031573324302,0.05343488726249898,0.5872670780717397,0.2348397917970579,0.4271655316695109,0.3540496602313571,0.5133994857146682,0.29238804369599064,0.063100301806671
0.550916676492065,0.3644470196185318,0.3131818591805593,0.49999999999999994,-0.8660254037844387,0,0,0,0,0.0251508290893111,0.024907180121002404,0.4271655316695109,0.2882746790595569,0.5257658474027539,0.2348397917970579,0.5012826851881099,0.27876544334572473,0.057899261955196124
0.5193085896452588,0.3190978857049054,0.2956140943629153,1.2246467991473532e-16,-1.0,0,0,0,0,-0.03160808684680616,-0.017567764817643994,0.5257658474027539,0.3131818591805593,0.550916676492065,0.2882746790595569,0.5319970378466926,0.2990235442010105,-0.04534913391362644
0.47341807945879,0.2986479804875309,0.2845446031295074,-0.4999999999999997,-0.8660254037844388,0,0,0,0,-0.045890510186468836,-0.011069491233407891,0.550916676492065,0.2956140943629153,0.5193085896452588,0.3131818591805593,0.5145477818653713,0.2977801855576607,-0.020449905217374498
0.5366396993647774,0.36084266521554,0.3328618642393391,-0.8660254037844384,-0.5000000000000004,0,0,0,0,0.0632216199059874,0.0483172611098317,0.5193085896452588,0.2845446031295074,0.47341807945879,0.2956140943629153,0.5097887894896087,0.30434018724392065,0.0621946847280091
0.4981806681535714,0.3322490437283551,0.3064028613822483,-1.0,-1.8369701987210297e-16,0,0,0,0,-0.038459031211205974,-0.026459002857090796,0.47341807945879,0.3328618642393391,0.5366396993647774,0.2845446031295074,0.5027461489923796,0.30793644291703165,-0.02859362148718486
0.4549309215879452,0.3039538583006251,0.280167777305303,-0.8660254037844386,0.5000000000000001,0,0,0,0,-0.043249746565626246,-0.026235084076945303,0.5366396993647774,0.3064028613822483,0.4981806681535714,0.3328618642393391,0.49658376303543134,0.3064775009756302,-0.02829518542773002
0.3838899215752326,0.2305499549264857,0.211319535159753,-0.5000000000000004,0.8660254037844384,0,0,0,0,-0.07104100001271257,-0.06884824214555002,0.4981806681535714,0.280167777305303,0.4549309215879452,0.3064028613822483,0.4456671704389164,0.2659633912824348,-0.0734039033741394
0.5173612438560938,0.289224637591416,0.2774923369758783,-2.4492935982947064e-16,1.0,0,0,0,0,0.13347132228086123,0.06617280181612528,0.4549309215879452,0.211319535159753,0.3838899215752326,0.280167777305303,0.45206069567309054,0.25632654981364483,0.05867468266493028
0.7001456393989127,0.4741600079418447,0.4268028432898434,0.49999999999999994,0.8660254037844387,0,0,0,0,0.1827843955428189,0.14931050631396514,0.3838899215752326,0.2774923369758783,0.5173612438560938,0.211319535159753,0.533798934943413,0.3052049051418249,0.18493537035042873
0.6874621025337591,0.4708270206793688,0.4253740247114099,0.8660254037844386,0.5000000000000001,0,0,0,0,-0.012683536865153666,-0.0014288185784335217,0.5173612438560938,0.4268028432898434,0.7001456393989127,0.2774923369758783,0.6349896619295885,0.3765564016590439,-0.003332987262475884
0.4426282750386513,0.2548680607448896,0.2441830349166935,1.0,6.123233995736766e-17,0,0,0,0,-0.24483382749510774,-0.1811909897947164,0.7001456393989127,0.4253740247114099,0.6874621025337591,0.4268028432898434,0.6100786723237744,0.365453300972649,-0.21595895993447922
0.4583689043136347,0.2525798453352996,0.2441639281848258,0.8660254037844387,-0.4999999999999998,0,0,0,0,0.015740629274983375,-1.910673186769629e-05,0.6874621025337591,0.2441830349166935,0.4426282750386513,0.4253740247114099,0.5294864272953483,0.3045736626043098,-0.002288215409590011
0.6608144796348543,0.4122609429359677,0.3845682187271361,0.49999999999999994,-0.8660254037844387,0,0,0,0,0.2024455753212196,0.1404042905423103,0.4426282750386513,0.2441639281848258,0.4583689043136347,0.2441830349166935,0.5206038863290467,0.2909717272762185,0.15968109760066812
0.5878152794090786,0.339401347803016,0.3255641171093522,1.2246467991473532e-16,-1.0,0,0,0,0,-0.07299920022577566,-0.05900410161778391,0.4583689043136347,0.3845682187271361,0.6608144796348543,0.2441639281848258,0.5689995544525225,0.3180987546737714,-0.0728595951329517
0.4875651970105544,0.3015626233397473,0.2816868478890599,-0.4999999999999997,-0.8660254037844388,0,0,0,0,-0.10025008239852423,-0.04387726922029228,0.6608144796348543,0.3255641171093522,0.5878152794090786,0.3845682187271361,0.5787316520181625,0.33060639457518276,-0.03783872446326869
0.5475913269761834,0.3715176882297062,0.3376786627815648,-0.8660254037844384,-0.5000000000000004,0,0,0,0,0.060026129965629005,0.055991814892504876,0.5878152794090786,0.2816868478890599,0.4875651970105544,0.3255641171093522,0.5409906011319389,0.3149765425933257,0.0699550648899589
0.585384431881033,0.3893224583368792,0.3558049984876616,-1.0,-1.8369701987210297e-16,0,0,0,0,0.03779310490484955,0.01812633570609684,0.4875651970105544,0.3376786627815648,0.5475913269761834,0.2816868478890599,0.5401803186225903,0.3250568363860955,0.017804770107172962
0.5081786671132219,0.301957824988057,0.2965572187834903,-0.8660254037844386,0.5000000000000001,0,0,0,0,-0.07720576476781105,-0.05924777970417133,0.5475913269761834,0.3558049984876616,0.585384431881033,0.3376786627815648,0.5470514753234794,0.3300136266842389,-0.08736463334882216
0.3552582810054149,0.2176083702920129,0.1978062302188111,-0.5000000000000004,0.8660254037844384,0,0,0,0,-0.152920386107807,-0.09875098856467918,0.585384431881033,0.2965572187834903,0.5081786671132219,0.3558049984876616,0.4829404599998899,0.2833894824966544,-0.0843494546960441
0.5284027306610879,0.2880876111191838,0.2841711206418468,-2.4492935982947064e-16,1.0,0,0,0,0,0.173144449655673,0.08636489042303569,0.5081786671132219,0.1978062302188111,0.3552582810054149,0.2965572187834903,0.46394655959324155,0.2595115232147161,0.07047924082717089
0.71309751730435,0.4739313885012017,0.4237178218800543,0.49999999999999994,0.8660254037844387,0,0,0,0,0.1846947866432621,0.1395467012382075,0.3552582810054149,0.2841711206418468,0.5284027306610879,0.1978062302188111,0.5322528429902843,0.3018983909135708,0.1858437773820179
0.5057777393534819,0.3440109165478489,0.3031261110494067,0.8660254037844386,0.5000000000000001,0,0,0,0,-0.2073197779508681,-0.12059171083064762,0.5284027306610879,0.4237178218800543,0.71309751730435,0.2841711206418468,0.5824259957729733,0.3370050178571027,-0.12992047195335282
0.3677332006859916,0.2233458867253591,0.2081717800862657,1.0,6.123233995736766e-17,0,0,0,0,-0.13804453866749034,-0.09495433096314099,0.71309751730435,0.3031261110494067,0.5057777393534819,0.4237178218800543,0.5288694857812746,0.3116719043385756,-0.12066502982248978
0.5497215955599453,0.3342240483181303,0.3057421856991746,0.8660254037844387,-0.4999999999999998,0,0,0,0,0.18198839487395368,0.09757040561290892,0.5057777393534819,0.2081717800862657,0.3677332006859916,0.3031261110494067,0.4744108451998062,0.2723466922782824,0.1108781615927712
0.6190774785278631,0.382175459575085,0.3598310877560824,0.49999999999999994,-0.8660254037844387,0,0,0,0,0.06935588296791784,0.054088902056907806,0.3677332006859916,0.3057421856991746,0.5497215955599453,0.2081717800862657,0.5121774249245999,0.2912483511805076,0.04795141125695468
0.4333911617977937,0.2609873427691689,0.2518526513102893,1.2246467991473532e-16,-1.0,0,0,0,0,-0.1856863167300694,-0.10797843644579314,0.5497215955599453,0.3598310877560824,0.6190774785278631,0.3057421856991746,0.5340634119618674,0.3058086415885155,-0.12118811680591607
0.4782103600156447,0.3084449420569036,0.2889386313654773,-0.4999999999999997,-0.8660254037844388,0,0,0,0,0.04481919821785102,0.03708598005518804,0.6190774785278631,0.2518526513102893,0.4333911617977937,0.3598310877560824,0.5102263334471004,0.3002074568106164,0.047457599287734686
0.4787682150256965,0.324194063165066,0.3047606705376998,-0.8660254037844384,-0.5000000000000004,0,0,0,0,0.0005578550100517887,0.01582203917222247,0.4333911617977937,0.2889386313654773,0.4782103600156447,0.2518526513102893,0.46345657894637826,0.28185065107115553,0.0157491211081624
0.3736578891524343,0.2431840708544469,0.2366217433939733,-1.0,-1.8369701987210297e-16,0,0,0,0,-0.10511032587326219,-0.06813892714372649,0.4782103600156447,0.3047606705376998,0.4787682150256965,0.2889386313654773,0.4435454880645919,0.2767736817657169,-0.08100999231061909
0.2985035245406245,0.1825000733092063,0.1886205069800504,-0.8660254037844386,0.5000000000000001,0,0,0,0,-0.0751543646118098,-0.0480012364139229,0.4787682150256965,0.2366217433939733,0.3736578891524343,0.3047606705376998,0.3836432095729185,0.24333430697057454,-0.06068399754524059
0.325294072102713,0.1893723915072757,0.1856975701174802,-0.5000000000000004,0.8660254037844384,0,0,0,0,0.026790547562088485,-0.002922936862570197,0.3736578891524343,0.1886205069800504,0.2985035245406245,0.2366217433939733,0.33248516193192396,0.20364660683050137,0.006872318198069383
0.4628611991930418,0.2850665684240033,0.2689010056699959,-2.4492935982947064e-16,1.0,0,0,0,0,0.1375671270903288,0.08320343555251572,0.2985035245406245,0.1856975701174802,0.325294072102713,0.1886205069800504,0.36221959861212644,0.21440636092250887,0.0956941769167276
0.5983548327345369,0.3752617057462178,0.346931652834716,1.0,6.123233995736766e-17,1,0,0,0,-0.08296827744383717,-0.0745274882340724,0.6929031186799307,0.4214591410687884,0.6813231101783741,0.4025158376170926,0.5983548327345369,0.346931652834716,-0.09635004901702748
0.4742707775745675,0.2851335525723559,0.2647420534324542,0.8660254037844387,-0.4999999999999998,1,0,0,0,-0.12408405515996945,-0.08218959940226178,0.6813231101783741,0.346931652834716,0.5983548327345369,0.4214591410687884,0.5363128051545523,0.3058368531335851,-0.09012815317386191
0.5449506132687988,0.3356371551916884,0.3077148993123722,0.49999999999999994,-0.8660254037844387,1,0,0,0,0.07067983569423131,0.04297284587991801,0.5983548327345369,0.2647420534324542,0.4742707775745675,0.346931652834716,0.5391920745259677,0.3064628685265141,0.05050360261933251
0.6845054486773605,0.4428545567779969,0.4040790185064458,1.2246467991473532e-16,-1.0,1,0,0,0,0.13955483540856173,0.09636411919407356,0.4742707775745675,0.3077148993123722,0.5449506132687988,0.2647420534324542,0.5679089465069089,0.3255119904170907,0.10721740158630849
0.5488551735406888,0.3688852666577956,0.3320854340935563,-0.4999999999999997,-0.8660254037844388,1,0,0,0,-0.13565027513667172,-0.0719935844128895,0.5449506132687988,0.4040790185064458,0.6845054486773605,0.3077148993123722,0.5927704118289493,0.34795978397079147,-0.07396929012020131
0.5106601104956545,0.3632141478759401,0.3242328302888195,-0.8660254037844384,-0.5000000000000004,1,0,0,0,-0.03819506304503428,-0.00785260380473679,0.6845054486773605,0.3320854340935563,0.5488551735406888,0.4040790185064458,0.5813402442379013,0.3534657609629406,-0.0056711187818555
0.5967886718563807,0.4596503343453857,0.3980210229650467,-1.0,-1.8369701987210297e-16,1,0,0,0,0.08612856136072622,0.07378819267622722,0.5488551735406888,0.3242328302888195,0.5106601104956545,0.3320854340935563,0.552101318630908,0.3514464291158075,0.09643618646944563
0.5874235608105675,0.4359326391257526,0.3864854795803965,-0.8660254037844386,0.5000000000000001,1,0,0,0,-0.00936511104581328,-0.011535543384650238,0.5106601104956545,0.3980210229650467,0.5967886718563807,0.3242328302888195,0.5649574477208675,0.3695797776114209,-0.023717695219633128
0.5601249986109708,0.3950815129302291,0.3586556440184172,-0.5000000000000004,0.8660254037844384,1,0,0,0,-0.0272985621995967,-0.027829835561979266,0.5967886718563807,0.3864854795803965,0.5874235608105675,0.3980210229650467,0.5814457437593062,0.38105404885462013,-0.0408511261955235
0.5369377456277229,0.3768426902869728,0.3419573139657291,-2.4492935982947064e-16,1.0,1,0,0,0,-0.023187252983247864,-0.016698330052688115,0.5874235608105675,0.3586556440184172,0.5601249986109708,0.3864854795803965,0.5614954350164204,0.36236614585484755,-0.01823882264325627
0.5382891929372322,0.349293492054211,0.3088200830593102,0.49999999999999994,0.8660254037844387,1,0,0,0,0.0013514473095093127,-0.0331372309064189,0.5601249986109708,0.3419573139657291,0.5369377456277229,0.3586556440184172,0.5451173123919753,0.33647768034781883,-0.027549198232761807
0.6907571137917731,0.4521199324521497,0.4054607454352628,0.8660254037844386,0.5000000000000001,1,0,0,0,0.15246792085454086,0.09664066237595259,0.5369377456277229,0.3088200830593102,0.5382891929372322,0.3419573139657291,0.588661350785576,0.35207938082010065,0.1028264403979387
0.6485411871771452,0.4250337063862069,0.3849624009649201,1.0,6.123233995736766e-17,1,0,0,0,-0.04221592661462792,-0.020498344470342655,0.5382891929372322,0.4054607454352628,0.6907571137917731,0.3088200830593102,0.6258624979687167,0.36641440981983103,-0.027086226065942798
0.5133843584538664,0.3051795815213007,0.2879104149846972,0.8660254037844387,-0.4999999999999998,1,0,0,0,-0.13515682872327872,-0.09705198598022291,0.6907571137917731,0.3849624009649201,0.6485411871771452,0.4054607454352628,0.6175608864742616,0.3594445204616267,-0.11985412486490621
0.5585054857987167,0.3292177721482394,0.3039005928734752,0.49999999999999994,-0.8660254037844387,1,0,0,0,0.0451211273448503,0.01599017788877799,0.6485411871771452,0.2879104149846972,0.5133843584538664,0.3849624009649201,0.5734770104765761,0.3255911362743642,0.024038190626938682
0.643922916547893,0.388938728572503,0.3619052244863739,1.2246467991473532e-16,-1.0,1,0,0,0,0.08541743074917629,0.058004631612898705,0.5133843584538664,0.3039005928734752,0.5585054857987167,0.2879104149846972,0.5719375869334921,0.3179054107815154,0.059720956424263616
0.6365154907884593,0.4180334913408631,0.3748961208936837,-0.4999999999999997,-0.8660254037844388,1,0,0,0,-0.007407425759433761,0.012990896407309771,0.5585054857987167,0.3619052244863739,0.643922916547893,0.3039005928734752,0.6129812977116896,0.346900646084511,0.029094762768360094
0.5257849940917697,0.3736898573343031,0.3288216800179303,-0.8660254037844384,-0.5000000000000004,1,0,0,0,-0.11073049669668955,-0.04607444087575341,0.643922916547893,0.3748961208936837,0.6365154907884593,0.3619052244863739,0.6020744671427073,0.35520767513266266,-0.044343634006559995
0.568069442171481,0.4278317952797042,0.3747141630794318,-1.0,-1.8369701987210297e-16,1,0,0,0,0.04228444807971132,0.04589248306150151,0.6365154907884593,0.3288216800179303,0.5257849940917697,0.3748961208936837,0.5767899756839033,0.3594773213303486,0.05414193794540112
0.654892081635449,0.4889718600415952,0.4309089536355356,-0.8660254037844386,0.5000000000000001,1,0,0,0,0.08682263946396795,0.056194790556103824,0.5257849940917697,0.3747141630794318,0.568069442171481,0.3288216800179303,0.5829155059662332,0.37814826557763254,0.06114006476189099
0.6550320445666387,0.4686009988039725,0.4163729367119709,-0.5000000000000004,0.8660254037844384,1,0,0,0,0.0001399629311896744,-0.01453601692356471,0.568069442171481,0.4309089536355356,0.654892081635449,0.3747141630794318,0.6259978561245229,0.40733201780897943,-0.020370861237622717
0.468462903008659,0.2996141042639542,0.273511531850014,-2.4492935982947064e-16,1.0,1,0,0,0,-0.18656914155797966,-0.14286140486195692,0.654892081635449,0.4163729367119709,0.6550320445666387,0.4309089536355356,0.5927956764035822,0.3735978073991735,-0.1689868945400183
0.4217778025117157,0.3053613699582304,0.2598544681267482,0.49999999999999994,0.8660254037844387,1,0,0,0,-0.0466851004969433,-0.013657063723265805,0.6550320445666387,0.273511531850014,0.468462903008659,0.4163729367119709,0.5150909166956712,0.316579645562911,0.0057472656942761935
0.6125362553034174,0.4287005962783003,0.3656412065564979,0.8660254037844386,0.5000000000000001,1,0,0,0,0.19075845279170167,0.10578673842974973,0.468462903008659,0.2598544681267482,0.4217778025117157,0.273511531850014,0.5009256536079306,0.2996690688444201,0.12333922632006994
0.6180286403409487,0.3887464990869975,0.3560918345012541,1.0,6.123233995736766e-17,1,0,0,0,0.005492385037531355,-0.00954937205524381,0.4217778025117157,0.3656412065564979,0.6125362553034174,0.2598544681267482,0.5507808993853606,0.32719583639483335,-0.03995409719130283
0.4905058196420441,0.2862887897042035,0.2725928119845572,0.8660254037844387,-0.4999999999999998,1,0,0,0,-0.12752282069890464,-0.08349902251669689,0.6125362553034174,0.3560918345012541,0.6180286403409487,0.3656412065564979,0.5736902384288034,0.33144195101410306,-0.10245770938279397
0.5079313024779767,0.3057421385617797,0.2837739786858904,0.49999999999999994,-0.8660254037844387,1,0,0,0,0.017425482835932593,0.011181166701333178,0.6180286403409487,0.2725928119845572,0.4905058196420441,0.3560918345012541,0.5388219208203231,0.30415287505723393,0.019453348857576158
0.6475532486593929,0.4069757350850748,0.3699724985467357,1.2246467991473532e-16,-1.0,1,0,0,0,0.1396219461814162,0.08619851986084531,0.4905058196420441,0.2837739786858904,0.5079313024779767,0.2725928119845572,0.5486634569264712,0.30877976307239446,0.10123359652329511
0.6027908855468961,0.3908463634004585,0.3613075387103369,-0.4999999999999997,-0.8660254037844388,1,0,0,0,-0.04476236311249682,-0.008664959836398811,0.5079313024779767,0.3699724985467357,0.6475532486593929,0.2837739786858904,0.5860918122280885,0.3383513386476544,-0.01612937168461631
0.5185024061330521,0.3613986658540924,0.3202315268329754,-0.8660254037844384,-0.5000000000000004,1,0,0,0,-0.08428847941384399,-0.041076011877361485,0.6475532486593929,0.3613075387103369,0.6027908855468961,0.3699724985467357,0.589615513446447,0.3505038546966827,-0.02944769754636606
0.6185164004540401,0.4515404726287738,0.3966614166140835,-1.0,-1.8369701987210297e-16,1,0,0,0,0.10001399432098801,0.0764298897811081,0.6027908855468961,0.3202315268329754,0.5185024061330521,0.3613075387103369,0.5799365640446628,0.35940016071913194,0.09014180677468137
0.6311433517255249,0.4753041019272258,0.4190246642898572,-0.8660254037844386,0.5000000000000001,1,0,0,0,0.012626951271484832,0.02236324767577369,0.5185024061330521,0.3966614166140835,0.6185164004540401,0.3202315268329754,0.5893873861042057,0.378639202578972,0.023763629298451994
0.533544185884048,1.0,0.3450419405969199,-0.5000000000000004,0.8660254037844384,1,0,0,0,-0.09759916584147699,-0.07398272369293729,0.6185164004540401,0.4190246642898572,0.6311433517255249,0.3966614166140835,0.594401312687871,0.38690934050028686,0.5246958980727743
0.4834384238084384,0.3004358147934777,0.2712407569045236,-2.4492935982947064e-16,1.0,1,0,0,0,-0.05010576207560957,-0.0738011836923963,0.6311433517255249,0.3450419405969199,0.533544185884048,0.4190246642898572,0.5493753204726705,0.34510245393043354,-0.6995641852065223
0.5242746288572017,0.2960994374603407,0.2812940167250837,0.49999999999999994,0.8660254037844387,1,0,0,0,0.040836205048763285,0.010053259820560101,0.533544185884048,0.2712407569045236,0.4834384238084384,0.3450419405969199,0.5137524128498959,0.29919223807550904,-0.00433637733313702
0.6709848529022739,0.4314979661636463,0.4004172689060179,0.8660254037844386,0.5000000000000001,1,0,0,0,0.14671022404507228,0.11912325218093422,0.4834384238084384,0.2812940167250837,0.5242746288572017,0.2712407569045236,0.5595659685226381,0.3176506808452084,0.1353985287033056
0.581157642837568,0.373532143670003,0.3450378306877041,1.0,6.123233995736766e-17,1,0,0,0,-0.08982721006470595,-0.055379438218313815,0.5242746288572017,0.4004172689060179,0.6709848529022739,0.2812940167250837,0.5921390415323479,0.3422497054396019,-0.05796582249364329
0.4900921391348221,0.2962822930852807,0.2780088213752316,0.8660254037844387,-0.4999999999999998,1,0,0,0,-0.09106550370274591,-0.06702900931247252,0.6709848529022739,0.3450378306877041,0.581157642837568,0.4004172689060179,0.5807448782915547,0.34115464032298454,-0.07724985058472228
0.5735853278071015,0.3463595018818335,0.3203967418207701,0.49999999999999994,-0.8660254037844387,1,0,0,0,0.0834931886722794,0.04238792044553852,0.581157642837568,0.2780088213752316,0.4900921391348221,0.3450378306877041,0.5482783699264973,0.3144811312945686,0.05007720879655281
0.6225553403343215,0.3887856709423835,0.3577969627793551,1.2246467991473532e-16,-1.0,1,0,0,0,0.04897001252722,0.03740022095858497,0.4900921391348221,0.3203967418207701,0.5735853278071015,0.2780088213752316,0.5620776024254149,0.31873417532511894,0.04242616906054997
0.597708929600721,0.383160685550857,0.3548142145600662,-0.4999999999999997,-0.8660254037844388,1,0,0,0,-0.0248464107336005,-0.0029827482192889,0.5735853278071015,0.3577969627793551,0.6225553403343215,0.3203967418207701,0.597949865914048,0.3443359730533971,-0.005624985391526449
0.5423621315928139,0.3700811071420615,0.3294518855073259,-0.8660254037844384,-0.5000000000000004,1,0,0,0,-0.055346798007907094,-0.025362329052740273,0.6225553403343215,0.3548142145600662,0.597708929600721,0.3577969627793551,0.5875421338426188,0.34735435428224903,-0.013079578408795534
0.6193817236395053,0.4433574157702931,0.3969010083623414,-1.0,-1.8369701987210297e-16,1,0,0,0,0.0770195920466914,0.06744912285501548,0.597708929600721,0.3294518855073259,0.5423621315928139,0.3548142145600662,0.5864842616110134,0.36038903614324447,0.07327630862823159
0.596872265304863,0.4805766575822264,0.3856227331671591,-0.8660254037844386,0.5000000000000001,1,0,0,0,-0.02250945833464224,-0.011278275195182264,0.5423621315928139,0.3969010083623414,0.6193817236395053,0.3294518855073259,0.5862053735123941,0.3706585423456088,0.03721924181193331
0.6355177415588388,0.4419988723965771,0.4078955099996038,-0.5000000000000004,0.8660254037844384,1,0,0,0,0.03864547625397574,0.022272776832444663,0.6193817236395053,0.3856227331671591,0.596872265304863,0.3969010083623414,0.617257243501069,0.3968064171763681,-0.038577785185649305
0.5461648234603163,0.3333630311913422,0.316243144267374,-2.4492935982947064e-16,1.0,1,0,0,0,-0.08935291809852253,-0.09165236573222979,0.596872265304863,0.4078955099996038,0.6355177415588388,0.3856227331671591,0.592851610108006,0.36992046247804566,-0.1086358412052349
0.5120347338240467,0.3023735403186301,0.2758737472753227,0.49999999999999994,0.8660254037844387,1,0,0,0,-0.03413008963626951,-0.040369396992051276,0.6355177415588388,0.316243144267374,0.5461648234603163,0.4078955099996038,0.5645724329477338,0.3333374671807668,-0.030989490872712078
0.673568631098972,0.2490669975098916,0.387935661430634,0.8660254037844386,0.5000000000000001,1,0,0,0,0.1615338972749253,0.1120619141553113,0.5461648234603163,0.2758737472753227,0.5120347338240467,0.316243144267374,0.577256062794445,0.32668418432444357,-0.053306542808738505
0.6085702945496099,0.3860584247596078,0.3565126019659548,1.0,6.123233995736766e-17,1,0,0,0,-0.06499833654936216,-0.031423059464679215,0.5120347338240467,0.387935661430634,0.673568631098972,0.2758737472753227,0.5980578864908762,0.34010733689063716,0.13699142724971616
0.5372320961356721,0.2921781900302921,0.2836323243181196,0.8660254037844387,-0.4999999999999998,1,0,0,0,-0.07133819841393774,-0.07288027764783522,0.673568631098972,0.3565126019659548,0.6085702945496099,0.387935661430634,0.606457007261418,0.3426935292382361,-0.09388023472931567
0.5728103790599064,0.3499825570534627,0.3234244332150109,0.49999999999999994,-0.8660254037844387,1,0,0,0,0.03557828292423426,0.03979210889689133,0.6085702945496099,0.2836323243181196,0.5372320961356721,0.3565126019659548,0.5728709232483961,0.3211897864996951,0.0578043670231706
0.5886608356800559,0.3578175576014205,0.3324230559276754,1.2246467991473532e-16,-1.0,1,0,0,0,0.0158504566201495,0.008998622712664495,0.5372320961356721,0.3234244332150109,0.5728103790599064,0.2836323243181196,0.5662344369585448,0.31315993782026863,0.007835000547957771
0.5806511139590766,0.3846225926245168,0.3408349276201671,-0.4999999999999997,-0.8660254037844388,1,0,0,0,-0.008009721720979246,0.00841187169249169,0.5728103790599064,0.3324230559276754,0.5886608356800559,0.3234244332150109,0.5807074428996797,0.33222747225428445,0.026805035023096335
0.5422421789501949,0.3612904786354602,0.3312400138796978,-0.8660254037844384,-0.5000000000000004,1,0,0,0,-0.03840893500888176,-0.00959491374046928,0.5886608356800559,0.3408349276201671,0.5806511139590766,0.3324230559276754,0.5705180428631093,0.3348326658091801,-0.023332113989056602
0.5602530354633775,0.4025926736517453,0.3600393692913219,-1.0,-1.8369701987210297e-16,1,0,0,0,0.01801085651318257,0.028799355411624095,0.5806511139590766,0.3312400138796978,0.5422421789501949,0.3408349276201671,0.5610487761242163,0.3440381035970623,0.04130219501628507
0.5707422113006416,0.3945251307902445,0.3607293394340487,-0.8660254037844386,0.5000000000000001,1,0,0,0,0.010489175837264164,0.0006899701427268146,0.5422421789501949,0.3600393692913219,0.5602530354633775,0.3312400138796978,0.5577458085714047,0.3506695742016895,-0.008067542861500798
0.5683777483285444,0.4019574521986358,0.3613563296725033,-0.5000000000000004,0.8660254037844384,1,0,0,0,-0.0023644629720972477,0.0006269902384545833,0.5602530354633775,0.3607293394340487,0.5707422113006416,0.3600393692913219,0.5664576650308545,0.36070834613262465,0.00743232140839134
0.5556043454811939,0.3785245915788242,0.3433014970669543,-2.4492935982947064e-16,1.0,1,0,0,0,-0.012773402847350512,-0.01805483260554902,0.5707422113006416,0.3613563296725033,0.5683777483285444,0.3607293394340487,0.56490810170346,0.3551290553911688,-0.023432860619811646
0.5812110850123497,0.34937660870178,0.337385640437768,1.0,6.123233995736766e-17,0,1,0,0,-0.10727714983039915,-0.084240410751864,0.5278260826960324,0.421626051189632,0.6884882348427489,0.3241473691532593,0.5812110850123497,0.337385640437768,-0.125899074520759
0.4417936633669876,0.2950442998328323,0.2545827712223326,0.8660254037844387,-0.4999999999999998,0,1,0,0,-0.13941742164536214,-0.08280286921543539,0.6884882348427489,0.337385640437768,0.5812110850123497,0.421626051189632,0.5115023741896687,0.29598420583005025,-0.05433230886894769
0.5644481445328254,0.3405427143599233,0.3142128565719159,0.49999999999999994,-0.8660254037844387,0,1,0,0,0.12265448116583783,0.059630085349583306,0.5812110850123497,0.2545827712223326,0.4417936633669876,0.337385640437768,0.5291509643040543,0.3020604227440055,0.04549841452709097
0.5049300398370231,0.315706487722876,0.2990688496480225,1.2246467991473532e-16,-1.0,0,1,0,0,-0.05951810469580232,-0.015144006923893394,0.4417936633669876,0.3142128565719159,0.5644481445328254,0.2545827712223326,0.503723949245612,0.2892881591474237,-0.024836226637047265
0.4537434326470677,0.2817169856788764,0.2709357430480188,-0.4999999999999997,-0.8660254037844388,0,1,0,0,-0.051186607189955435,-0.028133106600003677,0.5644481445328254,0.2990688496480225,0.5049300398370231,0.3142128565719159,0.5077072056723054,0.29473914975598575,-0.03398950204399964
0.3714171821843596,0.2498854220535773,0.2354709286411665,-0.8660254037844384,-0.5000000000000004,0,1,0,0,-0.08232625046270808,-0.03546481440685231,0.5049300398370231,0.2709357430480188,0.4537434326470677,0.2990688496480225,0.4433635515561501,0.26849184044573593,-0.03183156362529907
0.310597070750256,0.2085837223648698,0.2018361946025151,-1.0,-1.8369701987210297e-16,0,1,0,0,-0.060820111434103596,-0.033634734038651415,0.4537434326470677,0.2354709286411665,0.3714171821843596,0.2709357430480188,0.37858589519389446,0.2360809554305668,-0.041301699688707505
0.2064841118203771,0.1361461976911254,0.1315163281743552,-0.8660254037844386,0.5000000000000001,0,1,0,0,-0.1041129589298789,-0.07031986642815988,0.3714171821843596,0.2018361946025151,0.310597070750256,0.2354709286411665,0.29616612158499755,0.1896078171393456,-0.0724375246737444
0.2162699473384604,0.1297970107928224,0.1268356388646565,-0.5000000000000004,0.8660254037844384,0,1,0,0,0.009785835518083291,-0.004680689309698699,0.310597070750256,0.1315163281743552,0.2064841118203771,0.2018361946025151,0.2444503766363645,0.15339605388050895,-0.006349186898302994
0.2346647414448909,0.1484126887275908,0.1331608648093555,-2.4492935982947064e-16,1.0,0,1,0,0,0.018394794106430523,0.006325225944698976,0.2064841118203771,0.1268356388646565,0.2162699473384604,0.1315163281743552,0.2191396002012428,0.13050427728278907,0.0186156779347684
0.4417151285398771,0.2707041181895951,0.2436001578274596,0.49999999999999994,0.8660254037844387,0,1,0,0,0.2070503870949862,0.11043929301810412,0.2162699473384604,0.1331608648093555,0.2346647414448909,0.1268356388646565,0.2975499391077428,0.16786555383382387,0.1222914294620043
0.6928762023815938,0.4755406759022462,0.4237894428479029,0.8660254037844386,0.5000000000000001,0,1,0,0,0.25116107384171665,0.18018928502044326,0.2346647414448909,0.2436001578274596,0.4417151285398771,0.1331608648093555,0.4564186907887873,0.2668501551615727,0.20483655771265108
0.6548567098161795,0.4284699473276738,0.3996633980198733,1.0,6.123233995736766e-17,0,1,0,0,-0.03801949256541426,-0.024126044828029602,0.4417151285398771,0.4237894428479029,0.6928762023815938,0.2436001578274596,0.5964826802458835,0.3556843328984119,-0.047070728574572396
0.4343366559767551,0.2592829621509163,0.242469855847492,0.8660254037844387,-0.4999999999999998,0,1,0,0,-0.2205200538394244,-0.15719354217238127,0.6928762023815938,0.3996633980198733,0.6548567098161795,0.4237894428479029,0.5940231893915094,0.3553075655717561,-0.1691869851767575
0.5526236318956367,0.3238588039312222,0.303816239106927,0.49999999999999994,-0.8660254037844387,0,1,0,0,0.1182869759188816,0.061346383259435006,0.6548567098161795,0.242469855847492,0.4343366559767551,0.3996633980198733,0.5472723325628571,0.31531649765809744,0.0645758417803059
0.587513736281396,0.3711182714722619,0.3370395982478183,1.2246467991473532e-16,-1.0,0,1,0,0,0.034890104385759346,0.033223359140891306,0.4343366559767551,0.303816239106927,0.5526236318956367,0.242469855847492,0.5248246747179293,0.2944418977340791,0.04725946754103971
0.4940392392761984,0.3141129684058217,0.2954969779305,-0.4999999999999997,-0.8660254037844388,0,1,0,0,-0.09347449700519761,-0.04154262031731831,0.5526236318956367,0.3370395982478183,0.587513736281396,0.303816239106927,0.5447255358177436,0.3121176050950818,-0.057005303066440194
0.4314722233394879,0.2843070183284084,0.2709226304344946,-0.8660254037844384,-0.5000000000000004,0,1,0,0,-0.06256701593671049,-0.0245743474960054,0.587513736281396,0.2954969779305,0.4940392392761984,0.3370395982478183,0.5043417329656942,0.3011530688709376,-0.029805950077413323
0.3498229723447988,0.2429143861485934,0.2269418751853684,-1.0,-1.8369701987210297e-16,0,1,0,0,-0.08164925099468912,-0.0439807552491262,0.4940392392761984,0.2709226304344946,0.4314722233394879,0.2954969779305,0.4251114783201617,0.264453827850121,-0.04139263217981498
0.2837868161824988,0.1885666339007269,0.1754315003181415,-0.8660254037844386,0.5000000000000001,0,1,0,0,-0.06603615616230002,-0.0515103748672269,0.4314722233394879,0.2269418751853684,0.3498229723447988,0.2709226304344946,0.35502733728892855,0.22443200197933486,-0.054347752247866504
0.2733984208361638,0.1762712453169117,0.1602114347977015,-0.5000000000000004,0.8660254037844384,0,1,0,0,-0.010388395346335011,-0.015220065520440001,0.3498229723447988,0.1754315003181415,0.2837868161824988,0.2269418751853684,0.3023360697878205,0.18752827010040382,-0.012295388583815181
0.2688163719404269,0.2002798920455934,0.1576786952569193,-2.4492935982947064e-16,1.0,0,1,0,0,-0.004582048895736879,-0.002532739540782203,0.2837868161824988,0.1602114347977015,0.2733984208361638,0.1754315003181415,0.2753338696530298,0.16444054345758743,0.024008646728681693
0.5296646844323821,0.3295922516571223,0.2988032187057569,0.49999999999999994,0.8660254037844387,0,1,0,0,0.2608483124919552,0.14112452344883758,0.2733984208361638,0.1576786952569193,0.2688163719404269,0.1602114347977015,0.3572931590696576,0.20556444958679257,0.1293123596115289
0.6371995059643268,0.4549728772762598,0.3939051583685818,0.8660254037844386,0.5000000000000001,0,1,0,0,0.10753482153194471,0.09510193966282493,0.2688163719404269,0.2988032187057569,0.5296646844323821,0.1576786952569193,0.478560187445712,0.2834623574437527,0.1253806256191375
0.4753438131439663,0.2706370050118011,0.2616786726642717,1.0,6.123233995736766e-17,0,1,0,0,-0.16185569282036055,-0.13222648570431011,0.5296646844323821,0.3939051583685818,0.6371995059643268,0.2988032187057569,0.5474026678468917,0.3181290165795368,-0.1843358722644587
0.5006363864678628,0.2990432114193961,0.2765429161634313,0.8660254037844387,-0.4999999999999998,0,1,0,0,0.025292573323896506,0.014864243499159602,0.6371995059643268,0.2616786726642717,0.4753438131439663,0.3939051583685818,0.5377265685253853,0.31070891573209497,0.028406206407595003
0.5454575374873468,0.3513517547260902,0.3089442205143503,0.49999999999999994,-0.8660254037844387,0,1,0,0,0.04482115101948403,0.03240130435091898,0.4753438131439663,0.2765429161634313,0.5006363864678628,0.2616786726642717,0.507145912366392,0.28238860311401776,0.0523085433066941
0.5442928513490926,0.3402867637037026,0.3105930341254589,1.2246467991473532e-16,-1.0,0,1,0,0,-0.0011646861382542673,0.0016488136111086349,0.5006363864678628,0.3089442205143503,0.5454575374873468,0.2765429161634313,0.5301289251014341,0.29869339026774683,-0.011064991022387616
0.4781685328915447,0.3022082139436714,0.2901977194521015,-0.4999999999999997,-0.8660254037844388,0,1,0,0,-0.06612431845754785,-0.020395314673357423,0.5454575374873468,0.3105930341254589,0.5442928513490926,0.3089442205143503,0.5226396405759947,0.30324499136397026,-0.038078549760031166
0.4216443646816326,0.2720691714432305,0.2580887058067555,-0.8660254037844384,-0.5000000000000004,0,1,0,0,-0.05652416820991213,-0.03210901364534596,0.5442928513490926,0.2901977194521015,0.4781685328915447,0.3105930341254589,0.48136858297408985,0.28629315312810527,-0.030139042500440916
0.3593075188551618,0.2386411261122358,0.2239636411647192,-1.0,-1.8369701987210297e-16,0,1,0,0,-0.062336845826470755,-0.034125064642036324,0.4781685328915447,0.2580887058067555,0.4216443646816326,0.2901977194521015,0.419706805476113,0.25741668880785873,-0.03342804533099469
0.319108651468486,0.2092727890585041,0.1967454753470255,-0.8660254037844386,0.5000000000000001,0,1,0,0,-0.04019886738667583,-0.027218165817693707,0.4216443646816326,0.2239636411647192,0.3593075188551618,0.2580887058067555,0.36668684500176013,0.22626594077283343,-0.029368337053731708
0.2797376896779334,0.1556462874321024,0.1427955920294181,-0.5000000000000004,0.8660254037844384,0,1,0,0,-0.039370961790552605,-0.05394988331760739,0.3593075188551618,0.1967454753470255,0.319108651468486,0.2239636411647192,0.31938462000052703,0.18783490284705429,-0.0536265016264017
0.416285646723705,0.2539512663504943,0.2309014477582857,-2.4492935982947064e-16,1.0,0,1,0,0,0.1365479570457716,0.08810585572886759,0.319108651468486,0.1427955920294181,0.2797376896779334,0.1967454753470255,0.33837732929004144,0.19014750504490974,0.0983049789183919
0.6741607905054237,0.4787207704464026,0.4185092666419483,0.49999999999999994,0.8660254037844387,0,1,0,0,0.25787514378171866,0.18760781888366262,0.2797376896779334,0.2309014477582857,0.416285646723705,0.1427955920294181,0.45672804230235403,0.264068768809884,0.2247695040959083
0.6599283647593119,0.4630352809684872,0.4088900027970052,0.8660254037844386,0.5000000000000001,0,1,0,0,-0.014232425746111721,-0.009619263844943104,0.416285646723705,0.4185092666419483,0.6741607905054237,0.2309014477582857,0.5834582673294801,0.35276690573241304,-0.015685489477915426
0.4672529938147147,0.2708269325658271,0.261514121090553,1.0,6.123233995736766e-17,0,1,0,0,-0.19267537094459725,-0.14737588170645222,0.6741607905054237,0.4088900027970052,0.6599283647593119,0.4185092666419483,0.6004473830264835,0.3629711301765022,-0.19220834840266005
0.4446844745429555,0.2551019329931672,0.2391340471572755,0.8660254037844387,-0.4999999999999998,0,1,0,0,-0.02256851927175918,-0.02238007393327751,0.6599283647593119,0.261514121090553,0.4672529938147147,0.4088900027970052,0.5239552777056607,0.30317939034827796,-0.015724999572659937
0.638134506158619,0.395300523527226,0.3678536499264828,0.49999999999999994,-0.8660254037844387,0,1,0,0,0.1934500316156635,0.1287196027692073,0.4672529938147147,0.2391340471572755,0.4446844745429555,0.261514121090553,0.5166906581720964,0.28950060605810374,0.1401985905340588
0.6250475723176946,0.365987744359424,0.3502669738458752,1.2246467991473532e-16,-1.0,0,1,0,0,-0.013086933840924408,-0.0175866760806076,0.4446844745429555,0.3678536499264828,0.638134506158619,0.2391340471572755,0.569288851006423,0.3190848903098778,-0.029312779167802006
0.5127778226091934,0.3272880782341371,0.3020183886705208,-0.4999999999999997,-0.8660254037844388,0,1,0,0,-0.11226974970850123,-0.04824858517535441,0.638134506158619,0.3502669738458752,0.6250475723176946,0.3678536499264828,0.591986633695169,0.34004633748095964,-0.03869966612528691
0.5288713670383207,0.344029029179014,0.3187784985199877,-0.8660254037844384,-0.5000000000000004,0,1,0,0,0.01609354442912736,0.01676010984946691,0.6250475723176946,0.3020183886705208,0.5127778226091934,0.3502669738458752,0.5555655873217362,0.32368795367879455,0.01674095094487693
0.4627775958489933,0.2986875986551081,0.2790293017690157,-1.0,-1.8369701987210297e-16,0,1,0,0,-0.06609377118932741,-0.03974919675097199,0.5127778226091934,0.3187784985199877,0.5288713670383207,0.3020183886705208,0.5014755951655024,0.2999420629865081,-0.045341430523905935
0.4588348459967716,0.2473760690159221,0.2556170190410185,-0.8660254037844386,0.5000000000000001,0,1,0,0,-0.003942749852221705,-0.02341228272799717,0.5288713670383207,0.2790293017690157,0.4627775958489933,0.3187784985199877,0.4834946029613619,0.284474939776674,-0.05131152963918598
0.3739237047755414,0.2171911246187959,0.2037111481452853,-0.5000000000000004,0.8660254037844384,0,1,0,0,-0.08491114122123022,-0.05190587089573323,0.4627775958489933,0.2556170190410185,0.4588348459967716,0.2790293017690157,0.43184538220710206,0.24611915631843984,-0.030184944397126212
0.4895676800786142,0.2851434697558242,0.2698099916988949,-2.4492935982947064e-16,1.0,0,1,0,0,0.1156439753030728,0.06609884355360962,0.4588348459967716,0.2037111481452853,0.3739237047755414,0.2556170190410185,0.44077541028364237,0.2430460529617329,0.06795234513702833
0.7187126441983346,0.4700884418385563,0.4258427757006426,0.49999999999999994,0.8660254037844387,0,1,0,0,0.2291449641197204,0.1560327840017477,0.3739237047755414,0.2698099916988949,0.4895676800786142,0.2037111481452853,0.5274013430174967,0.29978797184827427,0.18494497208273208
0.4523780851331404,0.3052044482779446,0.2691390764798768,0.8660254037844386,0.5000000000000001,0,1,0,0,-0.2663345590651942,-0.15670369922076582,0.4895676800786142,0.4258427757006426,0.7187126441983346,0.2698099916988949,0.5535528031366964,0.3215972812931381,-0.16488399356061173
0.4054772058855471,0.2357419230804345,0.2242969712738285,1.0,6.123233995736766e-17,0,1,0,0,-0.046900879247593286,-0.04484210520604828,0.7187126441983346,0.2691390764798768,0.4523780851331404,0.4258427757006426,0.5255226450723407,0.3064262744847826,-0.06946252519751006
0.5306096816530531,0.3184422200616636,0.2951564367680193,0.8660254037844387,-0.4999999999999998,0,1,0,0,0.12513247576750602,0.07085946549419078,0.4523780851331404,0.2242969712738285,0.4054772058855471,0.2691390764798768,0.46282165755724686,0.2628641615072415,0.0827002969812291
0.5705309004989053,0.3541312596810193,0.3281489902965989,0.49999999999999994,-0.8660254037844387,0,1,0,0,0.0399212188458522,0.032992553528579605,0.4054772058855471,0.2951564367680193,0.5306096816530531,0.2242969712738285,0.5022059293458352,0.2825341327794822,0.035689039619355656
0.4743185571322394,0.2874918863362055,0.2748505885081154,1.2246467991473532e-16,-1.0,0,1,0,0,-0.0962123433666659,-0.053298401788483496,0.5306096816530531,0.3281489902965989,0.5705309004989053,0.2951564367680193,0.5251530464280659,0.2993853385242445,-0.06663937334481379
0.4823998430050974,0.3148168288743969,0.2940395743013237,-0.4999999999999997,-0.8660254037844388,0,1,0,0,0.008081285872858002,0.019188985793208324,0.5705309004989053,0.2748505885081154,0.4743185571322394,0.3281489902965989,0.5090831002120807,0.299013051035346,0.0273249425381914
0.4419998194625514,0.290554964979702,0.2772254422361593,-0.8660254037844384,-0.5000000000000004,0,1,0,0,-0.040400023542546015,-0.01681413206516441,0.4743185571322394,0.2940395743013237,0.4823998430050974,0.2748505885081154,0.46623940653329615,0.2820385350151995,-0.02426186389469487
0.3182152755930496,0.2001774824753789,0.1991783402713587,-1.0,-1.8369701987210297e-16,0,1,0,0,-0.12378454386950183,-0.07804710196480061,0.4823998430050974,0.2772254422361593,0.4419998194625514,0.2940395743013237,0.4142049793535662,0.2568144522696139,-0.09037748250432312
0.2336933170141065,0.1350462566402578,0.1443919036472425,-0.8660254037844386,0.5000000000000001,0,1,0,0,-0.08452195857894307,-0.0547864366241162,0.4419998194625514,0.1991783402713587,0.3182152755930496,0.2772254422361593,0.3313028040232359,0.20693189538492016,-0.0651312258351211
0.2465061361440226,0.1345823460512162,0.1347437672862594,-0.5000000000000004,0.8660254037844384,0,1,0,0,0.012812819129916081,-0.009648136360983106,0.3182152755930496,0.1443919036472425,0.2336933170141065,0.1991783402713587,0.2661382429170596,0.1594380037349535,-0.0004639105890416051
0.3728101048077696,0.2132383914740473,0.2057885095268858,-2.4492935982947064e-16,1.0,0,1,0,0,0.12630396866374702,0.0710447422406264,0.2336933170141065,0.1347437672862594,0.2465061361440226,0.1443919036472425,0.2843365193219663,0.16164139348679588,0.07865604542283111
0.4183679390248918,0.255890827561876,0.234430472683412,1.0,6.123233995736766e-17,0,0,1,0,-0.22867196355045505,-0.1646987611862532,0.7371586100426866,0.3991292338696652,0.6470399025753468,0.4590120716415592,0.4183679390248918,0.234430472683412,-0.19199529190229914
0.4241795698787312,0.2883444868804725,0.2368637620235806,0.8660254037844387,-0.4999999999999998,0,0,1,0,0.0058116308538394,0.002433289340168593,0.6470399025753468,0.234430472683412,0.4183679390248918,0.3991292338696652,0.4212737544518115,0.2356471173534963,0.032453659318596506
0.7835537764998315,0.5010744452651562,0.4531322611605142,0.49999999999999994,-0.8660254037844387,0,0,1,0,0.3593742066211003,0.2162684991369336,0.4183679390248918,0.2368637620235806,0.4241795698787312,0.234430472683412,0.5420337618011515,0.30814216528916893,0.21272995838468373
0.489669439171873,0.3151194944208456,0.3002695870743186,1.2246467991473532e-16,-1.0,0,0,1,0,-0.2938843373279585,-0.15286267408619558,0.4241795698787312,0.4531322611605142,0.7835537764998315,0.2368637620235806,0.5658009285168119,0.3300885367528045,-0.18595495084431063
0.375992686578716,0.2317889769653369,0.2225706023240939,-0.4999999999999997,-0.8660254037844388,0,0,1,0,-0.11367675259315702,-0.07769898475022471,0.7835537764998315,0.3002695870743186,0.489669439171873,0.4531322611605142,0.5497386340834735,0.3253241501863089,-0.08333051745550868
0.4677575820276537,0.2950402105720859,0.2726742913802472,-0.8660254037844384,-0.5000000000000004,0,0,1,0,0.09176489544893773,0.05010368905615328,0.489669439171873,0.2225706023240939,0.375992686578716,0.3002695870743186,0.44447323592608096,0.26517149359288655,0.063251233606749
0.6111197365630936,0.4294483741898254,0.3830282562668965,-1.0,-1.8369701987210297e-16,0,0,1,0,0.14336215453543988,0.11035396488664934,0.375992686578716,0.2726742913802472,0.4677575820276537,0.2225706023240939,0.48495666838982104,0.2927577166570792,0.1344081636177395
0.4582416700727509,0.3279958882072093,0.3003384804084696,-0.8660254037844386,0.5000000000000001,0,0,1,0,-0.1528780664903427,-0.0826897758584269,0.4677575820276537,0.3830282562668965,0.6111197365630936,0.2726742913802472,0.512372996221166,0.31868034268520445,-0.10145248598261608
0.3476995338179111,0.2268809888482504,0.2151311904049726,-0.5000000000000004,0.8660254037844384,0,0,1,0,-0.11054213625483983,-0.085207290003497,0.6111197365630936,0.3003384804084696,0.4582416700727509,0.3830282562668965,0.4723536468179185,0.29949930902677957,-0.10111489935895893
0.4051826133839135,0.246102855623785,0.2185721012004516,-2.4492935982947064e-16,1.0,0,0,1,0,0.057483079566002404,0.0034409107954789797,0.4582416700727509,0.2151311904049726,0.3476995338179111,0.3003384804084696,0.4037079390915252,0.24468059067129797,0.019221866775534613
0.7523527122552929,0.5205881307794117,0.4487871148575601,0.49999999999999994,0.8660254037844387,0,0,1,0,0.3471700988713794,0.23021501365710853,0.3476995338179111,0.2185721012004516,0.4051826133839135,0.2151311904049726,0.5017449531523724,0.2941634688209948,0.2744852751556267
0.7406531487214084,0.549246932003933,0.4667116273792218,0.8660254037844386,0.5000000000000001,0,0,1,0,-0.01169956353388446,0.017924512521661662,0.4051826133839135,0.4487871148575601,0.7523527122552929,0.2185721012004516,0.6327294914535383,0.37802361447907784,0.028658801224521357
0.4347963567325119,0.2897054733676992,0.2565665843909249,1.0,6.123233995736766e-17,0,0,1,0,-0.30585679198889654,-0.2101450429882969,0.7523527122552929,0.4667116273792218,0.7406531487214084,0.4487871148575601,0.6426007392364044,0.3906884422092356,-0.25954145863623385
0.3961923202143884,0.2221824507607871,0.2031201601320823,0.8660254037844387,-0.4999999999999998,0,0,1,0,-0.0386040365181235,-0.05344642425884258,0.7406531487214084,0.2565665843909249,0.4347963567325119,0.4667116273792218,0.5238806085561029,0.308799457300743,-0.06752302260691209
0.7044766683872731,0.4602617032727225,0.4040527248048218,0.49999999999999994,-0.8660254037844387,0,0,1,0,0.3082843481728847,0.20093256467273948,0.4347963567325119,0.2031201601320823,0.3961923202143884,0.2565665843909249,0.5118217817780578,0.2879131564426097,0.23807925251193537
0.6563340834677689,0.4450692140850626,0.3996385662328691,1.2246467991473532e-16,-1.0,0,0,1,0,-0.04814258491950418,-0.004414158571952709,0.3961923202143884,0.4040527248048218,0.7044766683872731,0.2031201601320823,0.5856676906898101,0.3356038170565911,-0.015192489187659863
0.3597413139338853,0.2189611176689428,0.2120773217696048,-0.4999999999999997,-0.8660254037844388,0,0,1,0,-0.2965927695338836,-0.18756124446326428,0.7044766683872731,0.3996385662328691,0.6563340834677689,0.4040527248048218,0.5735173552629758,0.33858953760243193,-0.2261080964161198
0.5047120047818002,0.3142595531350464,0.2889124161516569,-0.8660254037844384,-0.5000000000000004,0,0,1,0,0.14497069084791492,0.0768350943820521,0.6563340834677689,0.2120773217696048,0.3597413139338853,0.3996385662328691,0.5069291340611515,0.3002094347180436,0.09529843546610359
0.6890070154168362,0.4784816943594874,0.4251193275487601,-1.0,-1.8369701987210297e-16,0,0,1,0,0.18429501063503595,0.13620691139710317,0.3597413139338853,0.2889124161516569,0.5047120047818002,0.2120773217696048,0.5178201113775073,0.30870302182334064,0.164222141224441
0.5649778224265963,0.3922388181813561,0.3585513051992173,-0.8660254037844386,0.5000000000000001,0,0,1,0,-0.12402919299023984,-0.06656802234954279,0.5047120047818002,0.4251193275487601,0.6890070154168362,0.2889124161516569,0.5862322808750776,0.3575276829665448,-0.08624287617813131
0.3681038837708287,0.2317000337801919,0.2163771147554586,-0.5000000000000004,0.8660254037844384,0,0,1,0,-0.19687393865576763,-0.1421741904437587,0.6890070154168362,0.3585513051992173,0.5649778224265963,0.4251193275487601,0.5406962405380871,0.333349249167812,-0.16053878440116418
0.5544516829362417,0.3392844210669039,0.300944667018067,-2.4492935982947064e-16,1.0,0,0,1,0,0.186347799165413,0.0845675522626084,0.5649778224265963,0.2163771147554586,0.3681038837708287,0.3585513051992173,0.49584446304455554,0.29195769565758095,0.10758438728671196
0.6332641977477667,0.3934922814507481,0.3458522160404245,0.49999999999999994,0.8660254037844387,0,0,1,0,0.07881251481152496,0.044907549022357496,0.3681038837708287,0.300944667018067,0.5544516829362417,0.2163771147554586,0.5186065881516123,0.28772466593798335,0.05420786038384423
0.6278928834580445,0.4406956338028543,0.3750110834144958,0.8660254037844386,0.5000000000000001,0,0,1,0,-0.005371314289722151,0.029158867374071307,0.5544516829362417,0.3458522160404245,0.6332641977477667,0.300944667018067,0.6052029213806843,0.3406026554909958,0.04720335235210621
0.3988572348376742,0.2429033558121277,0.223069206432224,1.0,6.123233995736766e-17,0,0,1,0,-0.2290356486203703,-0.1519418769822718,0.6332641977477667,0.3750110834144958,0.6278928834580445,0.3458522160404245,0.5533381053478285,0.3146441686290481,-0.1977922779907266
0.5153823425400356,0.2803392724588088,0.2624156432392301,0.8660254037844387,-0.4999999999999998,0,0,1,0,0.11652510770236135,0.03934643680700611,0.6278928834580445,0.223069206432224,0.3988572348376742,0.3750110834144958,0.5140441536119181,0.2868319776953166,0.03743591664668108
0.7291659546944597,0.4625146494972096,0.4135135399244186,0.49999999999999994,-0.8660254037844387,0,0,1,0,0.2137836121544241,0.15109789668518847,0.3988572348376742,0.2624156432392301,0.5153823425400356,0.223069206432224,0.5478018440240565,0.2996661298652909,0.1821753770384008
0.6508910374037397,0.4169446285415775,0.3770826894279701,1.2246467991473532e-16,-1.0,0,0,1,0,-0.07827491729072,-0.03643085049644851,0.5153823425400356,0.4135135399244186,0.7291659546944597,0.2624156432392301,0.6318131115460783,0.35100395753053965,-0.04557002095563212
0.4144204152999612,0.244756119722526,0.2378357588480609,-0.4999999999999997,-0.8660254037844388,0,0,1,0,-0.23647062210377845,-0.13924693057990917,0.7291659546944597,0.3770826894279701,0.6508910374037397,0.4135135399244186,0.5981591357993868,0.3428106627334832,-0.17218850881905148
0.5006730748592246,0.3048985807290228,0.2794619065044051,-0.8660254037844384,-0.5000000000000004,0,0,1,0,0.08625265955926342,0.0416261476563442,0.6508910374037397,0.2378357588480609,0.4144204152999612,0.3770826894279701,0.5219948425209752,0.29812678492681205,0.06014246100649681
0.6928453755929225,0.4602246248540958,0.4123116656553006,-1.0,-1.8369701987210297e-16,0,0,1,0,0.19217230073369784,0.13284975915089547,0.4144204152999612,0.2794619065044051,0.5006730748592246,0.2378357588480609,0.5359796219173695,0.30986977700258883,0.155326044125073
0.5914969244557478,0.4015990725102053,0.3632911638242981,-0.8660254037844386,0.5000000000000001,0,0,1,0,-0.10134845113717472,-0.04902050183100248,0.5006730748592246,0.4123116656553006,0.6928453755929225,0.2794619065044051,0.5950051249692984,0.35168824532800125,-0.0586255523438905
0.4265145031740432,0.2873593043754812,0.2576804830096286,-0.5000000000000004,0.8660254037844384,0,0,1,0,-0.16498242128170454,-0.10561068081466951,0.6928453755929225,0.3632911638242981,0.5914969244557478,0.4123116656553006,0.5702856010742378,0.34442777082974246,-0.11423976813472414
0.3854461930431144,0.2036035956036232,0.1918751155984801,-2.4492935982947064e-16,1.0,0,0,1,0,-0.04106831013092882,-0.06580536741114848,0.5914969244557478,0.2576804830096286,0.4265145031740432,0.3632911638242981,0.4678192068909685,0.2709489208108023,-0.08375570877185798
0.6206917349096538,0.3955704335990163,0.3577618467603659,0.49999999999999994,0.8660254037844387,0,0,1,0,0.2352455418665394,0.16588673116188576,0.4265145031740432,0.1918751155984801,0.3854461930431144,0.2576804830096286,0.4775508103756038,0.2691058151228249,0.19196683799539307
0.6598170514623738,0.4730561416862642,0.3980657581608883,0.8660254037844386,0.5000000000000001,0,0,1,0,0.03912531655272,0.04030391140052242,0.3854461930431144,0.3577618467603659,0.6206917349096538,0.1918751155984801,0.555318326471714,0.3159009068399114,0.07748570808724792
0.4743048035124541,0.2915176014941353,0.269598632840067,1.0,6.123233995736766e-17,0,0,1,0,-0.18551224794991972,-0.12846712532082127,0.6206917349096538,0.3980657581608883,0.6598170514623738,0.3577618467603659,0.5849378632948272,0.3418087459204404,-0.1815385401921289
0.4056211862026614,0.209323697652185,0.200467410785322,0.8660254037844387,-0.4999999999999998,0,0,1,0,-0.06868361730979267,-0.06913122205474503,0.6598170514623738,0.269598632840067,0.4743048035124541,0.3980657581608883,0.5132476803924965,0.2893772672620924,-0.0821939038419503
0.6742247667840657,0.414094021716167,0.3731912780836149,0.49999999999999994,-0.8660254037844387,0,0,1,0,0.2686035805814043,0.17272386729829292,0.4743048035124541,0.200467410785322,0.4056211862026614,0.269598632840067,0.5180502521663938,0.28108577390300127,0.204770324063982
0.7359351911567577,0.4316567774152365,0.4046300029226652,1.2246467991473532e-16,-1.0,0,0,1,0,0.06171042437269192,0.0314387248390503,0.4056211862026614,0.3731912780836149,0.6742247667840657,0.200467410785322,0.6052603813811616,0.32609623059720066,0.01756275569906951
0.4490566180538182,0.2620934155261878,0.2502054569127201,-0.4999999999999997,-0.8660254037844388,0,0,1,0,-0.28687857310293946,-0.1544245460099451,0.6742247667840657,0.4046300029226652,0.7359351911567577,0.3731912780836149,0.6197388586648805,0.3426755793063334,-0.1695633618890487
0.3900609678853534,0.2314361487848204,0.2170997872054898,-0.8660254037844384,-0.5000000000000004,0,0,1,0,-0.05899565016846481,-0.033105669707230306,0.7359351911567577,0.2502054569127201,0.4490566180538182,0.4046300029226652,0.5250175923653098,0.29064508234695835,-0.0306572667413674
0.6745830937443202,0.4502395038510712,0.3982703079946672,-1.0,-1.8369701987210297e-16,0,0,1,0,0.28452212585896686,0.18117052078917742,0.4490566180538182,0.2170997872054898,0.3900609678853534,0.2502054569127201,0.5045668932278305,0.2885251840376257,0.2188033550662508
0.5903950657164083,0.409628426591457,0.3680034622400898,-0.8660254037844386,0.5000000000000001,0,0,1,0,-0.08418802802791192,-0.030266845754577443,0.3900609678853534,0.3982703079946672,0.6745830937443202,0.2170997872054898,0.5516797091153607,0.3277911858134156,-0.040611077259614214
0.3893218472004627,-1.0,0.2309391905886003,-0.5000000000000004,0.8660254037844384,0,0,1,0,-0.20107321851594562,-0.1370642716514895,0.6745830937443202,0.3680034622400898,0.5903950657164083,0.3982703079946672,0.5514333355537304,0.33240432027445244,-1.409628426591457
0.3681820957745234,0.2215319677830113,0.1983111862745596,-2.4492935982947064e-16,1.0,0,0,1,0,-0.021139751425939324,-0.0326280043140407,0.5903950657164083,0.2309391905886003,0.3893218472004627,0.3680034622400898,0.44929966956379813,0.2657512797010832,1.2215319677830112
0.6516540476326417,0.3960837324009624,0.3600580063006067,0.49999999999999994,0.8660254037844387,0,0,1,0,0.2834719518581183,0.1617468200260471,0.3893218472004627,0.1983111862745596,0.3681820957745234,0.2309391905886003,0.46971933020254264,0.2631027943879222,0.1745517646179511
0.7063635636222341,0.5432336169404356,0.4426977991274978,0.8660254037844386,0.5000000000000001,0,0,1,0,0.054709515989592394,0.0826397928268911,0.3681820957745234,0.3600580063006067,0.6516540476326417,0.1983111862745596,0.5753999023431331,0.3336889972342214,0.1471498845394732
0.5744837106056683,0.3848511795373668,0.3355571094215554,1.0,6.123233995736766e-17,0,0,1,0,-0.1318798530165658,-0.10714068970594237,0.6516540476326417,0.4426977991274978,0.7063635636222341,0.3600580063006067,0.6441671072868481,0.3794376382832199,-0.1583824374030688
0.402309381749508,0.2368590094596181,0.2135277609023619,0.8660254037844387,-0.4999999999999998,0,0,1,0,-0.1721743288561603,-0.12202934851919353,0.7063635636222341,0.3355571094215554,0.5744837106056683,0.4426977991274978,0.5610522186591368,0.33059422315047166,-0.1479921700777487
0.6719575808764524,0.3958064644410692,0.3689798355693798,0.49999999999999994,-0.8660254037844387,0,0,1,0,0.26964819912694443,0.1554520746670179,0.5744837106056683,0.2135277609023619,0.402309381749508,0.3355571094215554,0.5495835577438762,0.30602156863109903,0.1589474549814511
0.6718765651735918,0.4236606248142328,0.3819210806500437,1.2246467991473532e-16,-1.0,0,0,1,0,-8.101570286056514e-05,0.01294124508066391,0.402309381749508,0.3689798355693798,0.6719575808764524,0.2135277609023619,0.5820478425998508,0.3214762257072618,0.027854160373163572
0.4862459720528977,0.304278967240967,0.2892010299532075,-0.4999999999999997,-0.8660254037844388,0,0,1,0,-0.18563059312069413,-0.0927200506968362,0.6719575808764524,0.3819210806500437,0.6718765651735918,0.3689798355693798,0.6100267060343141,0.3467006487242103,-0.1193816575732658
0.3901912503173102,0.2368124194374384,0.2266210843491592,-0.8660254037844384,-0.5000000000000004,0,0,1,0,-0.09605472173558749,-0.06257994560404831,0.6718765651735918,0.2892010299532075,0.4862459720528977,0.3819210806500437,0.5161045958479333,0.2992477316508035,-0.06746654780352859
0.5387430890231876,0.3478275367426849,0.3190574920453413,-1.0,-1.8369701987210297e-16,0,0,1,0,0.14855183870587735,0.09243640769618208,0.4862459720528977,0.2266210843491592,0.3901912503173102,0.2892010299532075,0.47172677046446526,0.27829320211590264,0.11101511730524652
0.5888644882862933,0.3968866943783295,0.3626015291367067,-0.8660254037844386,0.5000000000000001,0,0,1,0,0.05012139926310577,0.043544037091365395,0.3901912503173102,0.3190574920453413,0.5387430890231876,0.2266210843491592,0.5059329425422637,0.302760035177069,0.04905915763564461
0.4824965697920372,0.3318995275677861,0.3007699588738073,-0.5000000000000004,0.8660254037844384,0,0,1,0,-0.10636791849425614,-0.06183157026289937,0.5387430890231876,0.3626015291367067,0.5888644882862933,0.3190574920453413,0.5367013823671728,0.3274763266852851,-0.0649871668105434
0.4052608186133276,0.2424426426761385,0.2258360912050682,-2.4492935982947064e-16,1.0,0,0,1,0,-0.07723575117870962,-0.07493386766873911,0.5888644882862933,0.3007699588738073,0.4824965697920372,0.3626015291367067,0.4922072922305527,0.2964025264051941,-0.08945688489164763
0.6080048735428569,0.3753506284818452,0.359651619468347,1.0,6.123233995736766e-17,0,0,0,1,-0.05051420663495876,-0.03429385638239768,0.5188601602050468,0.3939454758507447,0.6585190801778157,0.3123203531475605,0.6080048735428569,0.359651619468347,-0.06274193203743211
0.4724666787634068,0.3263568185614614,0.2822269505059232,0.8660254037844387,-0.4999999999999998,0,0,0,1,-0.13553819477945012,-0.07742466896242378,0.6585190801778157,0.359651619468347,0.6080048735428569,0.3939454758507447,0.5402357761531319,0.3209392849871351,-0.04899380992038377
0.4888506156490488,0.2872828853441826,0.2735468752849693,0.49999999999999994,-0.8660254037844387,0,0,0,1,0.016383936885641992,-0.008680075220953931,0.6080048735428569,0.2822269505059232,0.4724666787634068,0.359651619468347,0.5231073893184375,0.3051418150864132,-0.03907393321727881
0.4690860607505014,0.2827599304738379,0.2702340874803993,1.2246467991473532e-16,-1.0,0,0,0,1,-0.019764554898547393,-0.0033127878045700054,0.4724666787634068,0.2735468752849693,0.4888506156490488,0.2822269505059232,0.4768011183876523,0.2753359710904306,-0.004522954870344709
0.4677226267445837,0.290327933418985,0.2776547538346333,-0.4999999999999997,-0.8660254037844388,0,0,0,1,-0.0013634340059177075,0.007420666354233996,0.4888506156490488,0.2702340874803993,0.4690860607505014,0.2735468752849693,0.47521976771471125,0.27381190553333395,0.00756800294514709
0.4732531467416299,0.3132536419650076,0.294547283108672,-0.8660254037844384,-0.5000000000000004,0,0,0,1,0.005530519997046179,0.016892529274038726,0.4690860607505014,0.2776547538346333,0.4677226267445837,0.2702340874803993,0.47002061141223833,0.28081204147456823,0.022925708546022605
0.438660218612053,0.3036315882501524,0.2856807495244814,-1.0,-1.8369701987210297e-16,0,0,0,1,-0.03459292812957687,-0.008866533584190595,0.4677226267445837,0.294547283108672,0.4732531467416299,0.2776547538346333,0.4598786640327555,0.28596092882259555,-0.009622053714855194
0.2822343674786128,0.1937318595487022,0.1862585329130091,-0.8660254037844386,0.5000000000000001,0,0,0,1,-0.1564258511334402,-0.09942221661147232,0.4732531467416299,0.2856807495244814,0.438660218612053,0.294547283108672,0.3980492442774319,0.2554955218487209,-0.1098997287014502
0.2988909026601917,0.1895517339054336,0.1844058502876292,-0.5000000000000004,0.8660254037844384,0,0,0,1,0.01665653518157889,-0.0018526826253798812,0.438660218612053,0.1862585329130091,0.2822343674786128,0.2856807495244814,0.3399284962502858,0.21878171090837326,-0.004180125643268612
0.3640207154157897,0.2655479915604024,0.2245030588894326,-2.4492935982947064e-16,1.0,0,0,0,1,0.06512981275559798,0.04009720860180338,0.2822343674786128,0.1844058502876292,0.2988909026601917,0.1862585329130091,0.3150486618515314,0.19838914736335697,0.07599625765496879
0.5005386960510655,0.3396238439274735,0.297857567274476,0.49999999999999994,0.8660254037844387,0,0,0,1,0.13651798063527582,0.0733545083850434,0.2988909026601917,0.2245030588894326,0.3640207154157897,0.1844058502876292,0.3878167713756822,0.23558882548384594,0.07407585236707115
0.5869058133751341,0.3748072186563826,0.3428247108885807,0.8660254037844386,0.5000000000000001,0,0,0,1,0.08636711732406865,0.0449671436141047,0.3640207154157897,0.297857567274476,0.5005386960510655,0.2245030588894326,0.48382174161399644,0.28839511235082976,0.03518337472890909
0.5965237420920849,0.3964405889515049,0.3570469424862188,1.0,6.123233995736766e-17,0,0,0,1,0.009617928716950774,0.014222231597638135,0.5005386960510655,0.3428247108885807,0.5869058133751341,0.297857567274476,0.5613227505060948,0.3325764068830918,0.0216333702951223
0.5308370714534077,0.3372562446182695,0.3089587379499701,0.8660254037844387,-0.4999999999999998,0,0,0,1,-0.06568667063867717,-0.048088204536248735,0.5869058133751341,0.3570469424862188,0.5965237420920849,0.3428247108885807,0.5714222089735422,0.33627679710825653,-0.05918434433323544
0.5038837374971621,0.3153891717352383,0.2927123453000123,0.49999999999999994,-0.8660254037844387,0,0,0,1,-0.026953333956245662,-0.016246392649957808,0.5965237420920849,0.3089587379499701,0.5308370714534077,0.3570469424862188,0.543748183680885,0.3195726752454004,-0.02186707288303119
0.4735137760087755,0.2956735041691,0.2730587235122738,1.2246467991473532e-16,-1.0,0,0,0,1,-0.03036996148838661,-0.019653621787738496,0.5308370714534077,0.2927123453000123,0.5038837374971621,0.3089587379499701,0.502744861653115,0.2915766022540854,-0.019715667566138295
0.4956787919842523,0.3097636787016997,0.2916424863777429,-0.4999999999999997,-0.8660254037844388,0,0,0,1,0.02216501597547682,0.018583762865469144,0.5038837374971621,0.2730587235122738,0.4735137760087755,0.2927123453000123,0.49102543516339664,0.28580451839667637,0.014090174532599697
0.5342740903183814,0.356790393819424,0.3333368086212487,-0.8660254037844384,-0.5000000000000004,0,0,0,1,0.03859529833412906,0.04169432224350578,0.4735137760087755,0.2916424863777429,0.4956787919842523,0.2730587235122738,0.5011555527704697,0.29934600617042184,0.04702671511772433
0.4859629549514927,0.1695300850655349,0.3087314508277544,-1.0,-1.8369701987210297e-16,0,0,0,1,-0.048311135366888636,-0.02460535779349432,0.4956787919842523,0.3333368086212487,0.5342740903183814,0.2916424863777429,0.5053052790847088,0.311236915275582,-0.1872603087538891
0.3490887255982474,0.243311879691542,0.2236742007164354,-0.8660254037844386,0.5000000000000001,0,0,0,1,-0.13687422935324534,-0.08505725011131898,0.5342740903183814,0.3087314508277544,0.4859629549514927,0.3333368086212487,0.45644192362270714,0.2885808200551461,0.07378179462600709
0.3764627896082315,0.2653996731304941,0.2341652314612659,-0.5000000000000004,0.8660254037844384,0,0,0,1,0.0273740640099841,0.010491030744830487,0.4859629549514927,0.2236742007164354,0.3490887255982474,0.3087314508277544,0.4038381567193239,0.2555236276684852,0.02208779343895212
0.529221492114664,0.361925123596179,0.3160644393403265,-2.4492935982947064e-16,1.0,0,0,0,1,0.15275870250643248,0.08189920787906063,0.3490887255982474,0.2341652314612659,0.3764627896082315,0.2236742007164354,0.4182576691070476,0.2579679571726759,0.09652545046568489
0.4978040255913704,0.3580552015599815,0.2966039594090725,0.49999999999999994,0.8660254037844387,0,0,0,1,-0.03141746652329358,-0.019460479931253993,0.3764627896082315,0.3160644393403265,0.529221492114664,0.2341652314612659,0.46782943577142194,0.2822778767368883,-0.003869922036197515
0.5714837332996641,0.3539451830544866,0.3335203656624316,0.8660254037844386,0.5000000000000001,0,0,0,1,0.07367970770829368,0.03691640625335907,0.529221492114664,0.2966039594090725,0.4978040255913704,0.3160644393403265,0.5328364170018994,0.31539625480394357,-0.004110018505494917
0.513179493171084,0.3164485139608668,0.2961850375008493,1.0,6.123233995736766e-17,0,0,0,1,-0.05830424012858004,-0.037335328161582304,0.4978040255913704,0.3335203656624316,0.5714837332996641,0.2966039594090725,0.5274890840207062,0.30876978752411777,-0.03749666909361976
0.4966177030692293,0.3082833190720954,0.2890099801889372,0.8660254037844387,-0.4999999999999998,0,0,0,1,-0.016561790101854712,-0.007175057311912092,0.5714837332996641,0.2961850375008493,0.513179493171084,0.3335203656624316,0.5270936431799925,0.30623846111740605,-0.008165194888771432
0.4958224791424009,0.3070858625417383,0.2812757835471275,0.49999999999999994,-0.8660254037844387,0,0,0,1,-0.0007952239268284034,-0.0077341966418096875,0.513179493171084,0.2890099801889372,0.4966177030692293,0.2961850375008493,0.5018732251275714,0.28882360041230465,-0.0011974565303570772
0.4849005652208041,0.2971426039219888,0.2742630144147128,1.2246467991473532e-16,-1.0,0,0,0,1,-0.010921913921596804,-0.00701276913241472,0.4966177030692293,0.2812757835471275,0.4958224791424009,0.2890099801889372,0.4924469158108114,0.28151625938359254,-0.009943258619749484
0.5099094096491442,0.3210015443276748,0.3062237922131137,-0.4999999999999997,-0.8660254037844388,0,0,0,1,0.025008844428340116,0.0319607777984009,0.4958224791424009,0.2742630144147128,0.4849005652208041,0.2812757835471275,0.4968774846707831,0.28725419672498465,0.02385894040568598
0.5155605227072279,0.3407435900057182,0.319365593859529,-0.8660254037844384,-0.5000000000000004,0,0,0,1,0.005651113058083634,0.013141801646415319,0.4849005652208041,0.3062237922131137,0.5099094096491442,0.2742630144147128,0.5034568325257255,0.29995080016245185,0.019742045678043385
0.4482396755107037,0.298204112133813,0.2816753768487502,-1.0,-1.8369701987210297e-16,0,0,0,1,-0.06732084719652415,-0.03769021701077879,0.5099094096491442,0.319365593859529,0.5155605227072279,0.3062237922131137,0.491236535955692,0.3024215876404643,-0.04253947787190521
0.3708252400386401,0.2511971352211347,0.2359508085677381,-0.8660254037844386,0.5000000000000001,0,0,0,1,-0.07741443547206361,-0.04572456828101212,0.5155605227072279,0.2816753768487502,0.4482396755107037,0.319365593859529,0.44487514608552386,0.27899725975867246,-0.0470069769126783
0.4282190793789264,0.2764509246709452,0.2514283993806506,-0.5000000000000004,0.8660254037844384,0,0,0,1,0.0573938393402863,0.0154775908129125,0.4482396755107037,0.2359508085677381,0.3708252400386401,0.2816753768487502,0.4157613316427567,0.25635152826571295,0.025253789449810493
0.507131314484377,0.3281348769461605,0.299215793758598,-2.4492935982947064e-16,1.0,0,0,0,1,0.07891223510545059,0.047787394377947434,0.3708252400386401,0.2514283993806506,0.4282190793789264,0.2359508085677381,0.4353918779673145,0.2621983339023289,0.05168395227521533
0.5793213301671831,0.3852682023287557,0.3469020255344686,0.49999999999999994,0.8660254037844387,0,0,0,1,0.07219001568280614,0.04768623177587056,0.4282190793789264,0.299215793758598,0.507131314484377,0.2514283993806506,0.5048905746768289,0.29918207289123905,0.05713332538259519
0.5742370740091526,0.4021433663157079,0.3592267929697748,0.8660254037844386,0.5000000000000001,0,0,0,1,-0.005084256158030542,0.012324767435306194,0.507131314484377,0.3469020255344686,0.5793213301671831,0.299215793758598,0.5535632395535709,0.3351148707542804,0.016875163986952213
0.5334054161357813,0.3344267831101858,0.3187390740204459,1.0,6.123233995736766e-17,0,0,0,1,-0.040831657873371285,-0.0404877189493289,0.5793213301671831,0.3592267929697748,0.5742370740091526,0.3469020255344686,0.5623212734373723,0.3416226308415631,-0.0677165832055221
0.4751299196030445,0.3035772745072792,0.2821520505372197,0.8660254037844387,-0.4999999999999998,0,0,0,1,-0.05827549653273678,-0.03658702348322618,0.5742370740091526,0.3187390740204459,0.5334054161357813,0.3592267929697748,0.5275908032493261,0.32003930584248014,-0.030849508602906583
0.5249950716383085,0.3151505755566309,0.2973575010478294,0.49999999999999994,-0.8660254037844387,0,0,0,1,0.04986515203526398,0.015205450510609675,0.5334054161357813,0.2821520505372197,0.4751299196030445,0.3187390740204459,0.5111768024590447,0.299416208535165,0.01157330104935167
0.5368705475156417,0.3181563309990836,0.3024349642622049,1.2246467991473532e-16,-1.0,0,0,0,1,0.011875475877333175,0.005077463214375522,0.4751299196030445,0.2973575010478294,0.5249950716383085,0.2821520505372197,0.5123318462523315,0.293981505282418,0.0030057554424526844
0.5604254385502584,0.3489747578307005,0.3269963699587115,-0.4999999999999997,-0.8660254037844388,0,0,0,1,0.02355489103461672,0.02456140569650661,0.5249950716383085,0.3024349642622049,0.5368705475156417,0.2973575010478294,0.5407636859014028,0.3089296117562486,0.030818426831616896
0.5503258132261225,0.3610011250413011,0.3336285829493254,-0.8660254037844384,-0.5000000000000004,0,0,0,1,-0.010099625324135886,0.006632212990613895,0.5368705475156417,0.3269963699587115,0.5604254385502584,0.3024349642622049,0.5492072664306742,0.32101997239008057,0.01202636721060063
0.5198392052759734,0.3451924713721084,0.3226998216969835,-1.0,-1.8369701987210297e-16,0,0,0,1,-0.030486607950149125,-0.010928761252341879,0.5604254385502584,0.3336285829493254,0.5503258132261225,0.3269963699587115,0.5435301523507846,0.32777492486834015,-0.015808653669192707
0.4645897082379621,0.277269303508446,0.276079021035763,-0.8660254037844386,0.5000000000000001,0,0,0,1,-0.0552494970380113,-0.04662080066122054,0.5503258132261225,0.3226998216969835,0.5198392052759734,0.3336285829493254,0.5115849089133526,0.3108024752273573,-0.06792316786366243
0.49331143387891,0.3047550507077022,0.28878785492211,-0.5000000000000004,0.8660254037844384,0,0,0,1,0.028721725640947937,0.012708833886347026,0.5198392052759734,0.276079021035763,0.4645897082379621,0.3226998216969835,0.4925801157976151,0.29585556588495215,0.027485747199256227
0.5525221239693204,0.3492427205482944,0.331104618297046,-2.4492935982947064e-16,1.0,0,0,0,1,0.05921069009041041,0.042316763374936006,0.4645897082379621,0.28878785492211,0.49331143387891,0.276079021035763,0.5034744220287308,0.29865716475163967,0.044487669840592214
0.6130678031246062,0.3866167178232393,0.3537923094707497,0.49999999999999994,0.8660254037844387,0,0,0,1,0.06054567915528575,0.022687691173703672,0.49331143387891,0.331104618297046,0.5525221239693204,0.28878785492211,0.5529671203242787,0.3245615942299686,0.03737399727494489
0.4681782288828562,0.3575135084814567,0.2883500648892341,0.8660254037844386,0.5000000000000001,0,0,0,1,-0.14488957424174997,-0.0654422445815156,0.5525221239693204,0.3537923094707497,0.6130678031246062,0.331104618297046,0.5445893853255942,0.3244156642190099,-0.02910320934178262
0.4452035940868585,0.3059884241193251,0.2732849255477658,1.0,6.123233995736766e-17,0,0,0,1,-0.022974634795997706,-0.015065139341468303,0.6130678031246062,0.2883500648892341,0.4681782288828562,0.3537923094707497,0.5088165420314402,0.30514243330258317,-0.0515250843621316
0.4923256310079162,0.3100309532703408,0.2864961049609301,0.8660254037844387,-0.4999999999999998,0,0,0,1,0.04712203692105771,0.013211179413164298,0.4681782288828562,0.2732849255477658,0.4452035940868585,0.2883500648892341,0.46856915132587695,0.2827103651326433,0.004042529151015717
0.5280577612166474,0.3221743336869646,0.3027649377270333,0.49999999999999994,-0.8660254037844387,0,0,0,1,0.03573213020873117,0.01626883276610319,0.4452035940868585,0.2864961049609301,0.4923256310079162,0.2732849255477658,0.4885289954371406,0.2875153227452431,0.012143380416623772
0.4556712967025167,0.2724009337501396,0.2618796011957746,1.2246467991473532e-16,-1.0,0,0,0,1,-0.07238646451413067,-0.0408853365312587,0.4923256310079162,0.3027649377270333,0.5280577612166474,0.2864961049609301,0.49201822964236,0.283713547961246,-0.049773399936825
0.4989015174395348,0.3107368958112544,0.2934458303950878,-0.4999999999999997,-0.8660254037844388,0,0,0,1,0.0432302207370181,0.031566229199313234,0.5280577612166474,0.2618796011957746,0.4556712967025167,0.3027649377270333,0.49421019178623293,0.28603012310596526,0.03833596206111484
0.5077294940958681,0.3382413568388889,0.3197085157841438,-0.8660254037844384,-0.5000000000000004,0,0,0,1,0.00882797665633328,0.026262685389055962,0.4556712967025167,0.2934458303950878,0.4989015174395348,0.2618796011957746,0.48743410274597315,0.29167798245833537,0.027504461027634486
0.3855765154855169,0.2511794015808081,0.2471133127004225,-1.0,-1.8369701987210297e-16,0,0,0,1,-0.12215297861035118,-0.07259520308372128,0.4989015174395348,0.3197085157841438,0.5077294940958681,0.2934458303950878,0.46406917567363987,0.286755886293218,-0.0870619552580808
0.3163092555252496,0.1879541472714426,0.1995702574768538,-0.8660254037844386,0.5000000000000001,0,0,0,1,-0.06926725996026734,-0.04754305522356869,0.5077294940958681,0.2471133127004225,0.3855765154855169,0.3197085157841438,0.4032050883688781,0.2554640286538067,-0.06322525430936549
0.3556908106162316,0.2163912129222954,0.213337189800016,-0.5000000000000004,0.8660254037844384,0,0,0,1,0.03938155509098201,0.013766932323162201,0.3855765154855169,0.1995702574768538,0.3163092555252496,0.2471133127004225,0.35252552720899927,0.22000691999243074,0.0284370656508528
0.5484246098250937,0.3523359818124487,0.336287312046676,-2.4492935982947064e-16,1.0,0,0,0,1,0.19273379920886208,0.12295012224665999,0.3163092555252496,0.213337189800016,0.3556908106162316,0.1995702574768538,0.4068082253221916,0.24973158644118196,0.13594476889015328
